report_index,report_text,truth_activity,candidate_activity,candidate_description,candidate_discipline,candidate_location,label,score_id,score_lexical,score_semantic,score_context,temporal_factor,fused_score,baseline_rank,gap_from_top,top_score,second_score,margin,identifier_match,discipline_match,location_match
1,"Unknown work package ZZ-000 at offshore platform, 20%.",,CIV-L6-001,Foundation 001,civil,Area A,0,0.0,0.16901408450704225,0.46773025393486023,0.5,1.0,0.2922846761597714,1,0.0,0.2922846761597714,0.2749546414135207,0.017330034746250667,0,0,0
1,"Unknown work package ZZ-000 at offshore platform, 20%.",,CIV-L6-008,Foundation 008,civil,Area A,0,0.0,0.16901408450704225,0.46861129999160767,0.5,0.94,0.2749546414135207,2,0.017330034746250667,0.2922846761597714,0.2749546414135207,0.017330034746250667,0,0,0
1,"Unknown work package ZZ-000 at offshore platform, 20%.",,CIV-L6-015,Foundation 015,civil,Area A,0,0.0,0.14084507042253522,0.4812123775482178,0.5,0.94,0.2739440636534086,3,0.018340612506362763,0.2922846761597714,0.2749546414135207,0.017330034746250667,0,0,0
1,"Unknown work package ZZ-000 at offshore platform, 20%.",,CIV-L6-092,Foundation 092,civil,Area A,0,0.0,0.16901408450704225,0.4623163342475891,0.5,0.94,0.2734753244636764,4,0.01880935169609499,0.2922846761597714,0.2749546414135207,0.017330034746250667,0,0,0
1,"Unknown work package ZZ-000 at offshore platform, 20%.",,CIV-L6-029,Foundation 029,civil,Area A,0,0.0,0.16901408450704225,0.4595111310482025,0.5,0.94,0.2728161017118205,5,0.01946857444795086,0.2922846761597714,0.2749546414135207,0.017330034746250667,0,0,0
1,"Unknown work package ZZ-000 at offshore platform, 20%.",,CIV-L6-050,Foundation 050,civil,Area A,0,0.0,0.16901408450704225,0.45812928676605225,0.5,0.94,0.27249136830551524,6,0.019793307854256148,0.2922846761597714,0.2749546414135207,0.017330034746250667,0,0,0
1,"Unknown work package ZZ-000 at offshore platform, 20%.",,CIV-L6-022,Foundation 022,civil,Area A,0,0.0,0.16901408450704225,0.45075321197509766,0.5,0.94,0.2707579907296409,7,0.021526685430130477,0.2922846761597714,0.2749546414135207,0.017330034746250667,0,0,0
1,"Unknown work package ZZ-000 at offshore platform, 20%.",,CIV-L6-085,Foundation 085,civil,Area A,0,0.0,0.14084507042253522,0.4652545154094696,0.5,0.94,0.2701939660508028,8,0.02209071010896857,0.2922846761597714,0.2749546414135207,0.017330034746250667,0,0,0
1,"Unknown work package ZZ-000 at offshore platform, 20%.",,CIV-L6-078,Foundation 078,civil,Area A,0,0.0,0.14084507042253522,0.4627121090888977,0.5,0.94,0.2695965005654684,9,0.022688175594302973,0.2922846761597714,0.2749546414135207,0.017330034746250667,0,0,0
1,"Unknown work package ZZ-000 at offshore platform, 20%.",,CIV-L6-071,Foundation 071,civil,Area A,0,0.0,0.14084507042253522,0.4562762975692749,0.5,0.94,0.26808408485835705,10,0.02420059130141433,0.2922846761597714,0.2749546414135207,0.017330034746250667,0,0,0
1,"Unknown work package ZZ-000 at offshore platform, 20%.",,CIV-L6-204,Foundation 204,civil,Area A,0,0.0,0.16901408450704225,0.4358917474746704,0.5,0.94,0.2672655465720405,11,0.025019129587730893,0.2922846761597714,0.2749546414135207,0.017330034746250667,0,0,0
1,"Unknown work package ZZ-000 at offshore platform, 20%.",,CIV-L6-036,Foundation 036,civil,Area A,0,0.0,0.14084507042253522,0.4524460434913635,0.5,0.94,0.2671839751500479,12,0.025100701009723503,0.2922846761597714,0.2749546414135207,0.017330034746250667,0,0,0
1,"Unknown work package ZZ-000 at offshore platform, 20%.",,CIV-L6-064,Foundation 064,civil,Area A,0,0.0,0.14084507042253522,0.45160412788391113,0.5,0.94,0.26698612498229657,13,0.025298551177474815,0.2922846761597714,0.2749546414135207,0.017330034746250667,0,0,0
1,"Unknown work package ZZ-000 at offshore platform, 20%.",,CIV-L6-099,Foundation 099,civil,Area A,0,0.0,0.14084507042253522,0.4511663019657135,0.5,0.94,0.26688323589152013,14,0.025401440268251252,0.2922846761597714,0.2749546414135207,0.017330034746250667,0,0,0
1,"Unknown work package ZZ-000 at offshore platform, 20%.",,CIV-L6-141,Foundation 141,civil,Area A,0,0.0,0.14084507042253522,0.3810075521469116,0.5,1.0,0.2663786486001082,15,0.025906027559663203,0.2922846761597714,0.2749546414135207,0.017330034746250667,0,0,0
1,"Unknown work package ZZ-000 at offshore platform, 20%.",,HSE-L6-021,Safety inspection 021,hse,Site,0,0.0,0.12987012987012986,0.3785034418106079,0.5,1.0,0.26410637993317143,16,0.028178296226599953,0.2922846761597714,0.2749546414135207,0.017330034746250667,0,0,0
1,"Unknown work package ZZ-000 at offshore platform, 20%.",,CIV-L6-043,Foundation 043,civil,Area A,0,0.0,0.14084507042253522,0.43754681944847107,0.5,0.94,0.26368265749996816,17,0.02860201865980322,0.2922846761597714,0.2749546414135207,0.017330034746250667,0,0,0
1,"Unknown work package ZZ-000 at offshore platform, 20%.",,CIV-L6-057,Foundation 057,civil,Area A,0,0.0,0.14084507042253522,0.4368564188480377,0.5,0.94,0.26352041335886633,18,0.02876426280090505,0.2922846761597714,0.2749546414135207,0.017330034746250667,0,0,0
1,"Unknown work package ZZ-000 at offshore platform, 20%.",,CIV-L6-225,Foundation 225,civil,Area A,0,0.0,0.14084507042253522,0.4306657612323761,0.5,0.94,0.26206560881918584,19,0.030219067340585548,0.2922846761597714,0.2749546414135207,0.017330034746250667,0,0,0
1,"Unknown work package ZZ-000 at offshore platform, 20%.",,CIV-L6-260,Foundation 260,civil,Area A,0,0.0,0.16901408450704225,0.41028833389282227,0.5,0.94,0.26124874438030615,20,0.03103593177946523,0.2922846761597714,0.2749546414135207,0.017330034746250667,0,0,0
2,"Install pump 004 at Unit 2 completed, 100%.",ROT-L6-004,ROT-L6-004,Install pump 004,rotating_equipment,Unit 2,1,0.82,1.0,0.8257486820220947,1.0,0.94,0.8482909402751921,1,0.0,0.8482909402751921,0.5656984835863113,0.2825924566888809,0,1,0
2,"Install pump 004 at Unit 2 completed, 100%.",ROT-L6-004,ROT-L6-081,Install pump 081,rotating_equipment,Unit 2,0,0.0,0.6666666666666666,0.6627939343452454,1.0,1.0,0.5656984835863113,2,0.2825924566888809,0.8482909402751921,0.5656984835863113,0.2825924566888809,0,1,0
2,"Install pump 004 at Unit 2 completed, 100%.",ROT-L6-004,ROT-L6-221,Install pump 221,rotating_equipment,Unit 2,0,0.0,0.6666666666666666,0.6141245365142822,1.0,1.0,0.5535311341285705,3,0.2947598061466217,0.8482909402751921,0.5656984835863113,0.2825924566888809,0,1,0
2,"Install pump 004 at Unit 2 completed, 100%.",ROT-L6-004,ROT-L6-074,Install pump 074,rotating_equipment,Unit 2,0,0.0,0.6666666666666666,0.7274815440177917,1.0,0.94,0.546958162844181,4,0.30133277743101117,0.8482909402751921,0.5656984835863113,0.2825924566888809,0,1,0
2,"Install pump 004 at Unit 2 completed, 100%.",ROT-L6-004,ROT-L6-011,Install pump 011,rotating_equipment,Unit 2,0,0.0,0.6666666666666666,0.7171691656112671,1.0,0.94,0.5445347539186477,5,0.30375618635654444,0.8482909402751921,0.5656984835863113,0.2825924566888809,0,1,0
2,"Install pump 004 at Unit 2 completed, 100%.",ROT-L6-004,ROT-L6-200,Install pump 200,rotating_equipment,Unit 2,0,0.0,0.6666666666666666,0.7120171189308167,1.0,0.94,0.5433240229487418,6,0.3049669173264503,0.8482909402751921,0.5656984835863113,0.2825924566888809,0,1,0
2,"Install pump 004 at Unit 2 completed, 100%.",ROT-L6-004,ROT-L6-025,Install pump 025,rotating_equipment,Unit 2,0,0.0,0.6666666666666666,0.7060706615447998,1.0,0.94,0.5419266054630278,7,0.3063643348121643,0.8482909402751921,0.5656984835863113,0.2825924566888809,0,1,0
2,"Install pump 004 at Unit 2 completed, 100%.",ROT-L6-004,ROT-L6-060,Install pump 060,rotating_equipment,Unit 2,0,0.0,0.6666666666666666,0.6966135501861572,1.0,0.94,0.5397041842937468,8,0.30858675598144536,0.8482909402751921,0.5656984835863113,0.2825924566888809,0,1,0
2,"Install pump 004 at Unit 2 completed, 100%.",ROT-L6-004,ROT-L6-018,Install pump 018,rotating_equipment,Unit 2,0,0.0,0.6666666666666666,0.6905832290649414,1.0,0.94,0.5382870588302611,9,0.3100038814449311,0.8482909402751921,0.5656984835863113,0.2825924566888809,0,1,0
2,"Install pump 004 at Unit 2 completed, 100%.",ROT-L6-004,ROT-L6-102,Install pump 102,rotating_equipment,Unit 2,0,0.0,0.6666666666666666,0.6834233999252319,1.0,0.94,0.5366044989824293,10,0.3116864412927628,0.8482909402751921,0.5656984835863113,0.2825924566888809,0,1,0
2,"Install pump 004 at Unit 2 completed, 100%.",ROT-L6-004,ROT-L6-032,Install pump 032,rotating_equipment,Unit 2,0,0.0,0.6666666666666666,0.6819421052932739,1.0,0.94,0.5362563947439193,11,0.31203454553127286,0.8482909402751921,0.5656984835863113,0.2825924566888809,0,1,0
2,"Install pump 004 at Unit 2 completed, 100%.",ROT-L6-004,ROT-L6-039,Install pump 039,rotating_equipment,Unit 2,0,0.0,0.6666666666666666,0.6793571710586548,1.0,0.94,0.5356489351987838,12,0.3126420050764084,0.8482909402751921,0.5656984835863113,0.2825924566888809,0,1,0
2,"Install pump 004 at Unit 2 completed, 100%.",ROT-L6-004,ROT-L6-249,Install pump 249,rotating_equipment,Unit 2,0,0.0,0.6666666666666666,0.6758257150650024,1.0,0.94,0.5348190430402755,13,0.31347189723491664,0.8482909402751921,0.5656984835863113,0.2825924566888809,0,1,0
2,"Install pump 004 at Unit 2 completed, 100%.",ROT-L6-004,ROT-L6-116,Install pump 116,rotating_equipment,Unit 2,0,0.0,0.6666666666666666,0.6739823818206787,1.0,0.94,0.5343858597278593,14,0.3139050805473328,0.8482909402751921,0.5656984835863113,0.2825924566888809,0,1,0
2,"Install pump 004 at Unit 2 completed, 100%.",ROT-L6-004,ROT-L6-242,Install pump 242,rotating_equipment,Unit 2,0,0.0,0.6666666666666666,0.6699560880661011,1.0,0.94,0.5334396806955336,15,0.31485125957965854,0.8482909402751921,0.5656984835863113,0.2825924566888809,0,1,0
2,"Install pump 004 at Unit 2 completed, 100%.",ROT-L6-004,ROT-L6-067,Install pump 067,rotating_equipment,Unit 2,0,0.0,0.6666666666666666,0.6601353883743286,1.0,0.94,0.5311318162679671,16,0.317159124007225,0.8482909402751921,0.5656984835863113,0.2825924566888809,0,1,0
2,"Install pump 004 at Unit 2 completed, 100%.",ROT-L6-004,ROT-L6-123,Install pump 123,rotating_equipment,Unit 2,0,0.0,0.6666666666666666,0.6556615829467773,1.0,0.94,0.5300804719924925,17,0.3182104682826996,0.8482909402751921,0.5656984835863113,0.2825924566888809,0,1,0
2,"Install pump 004 at Unit 2 completed, 100%.",ROT-L6-004,ROT-L6-151,Install pump 151,rotating_equipment,Unit 2,0,0.0,0.6666666666666666,0.6518664360046387,1.0,0.94,0.52918861246109,18,0.3191023278141022,0.8482909402751921,0.5656984835863113,0.2825924566888809,0,1,0
2,"Install pump 004 at Unit 2 completed, 100%.",ROT-L6-004,ROT-L6-053,Install pump 053,rotating_equipment,Unit 2,0,0.0,0.6666666666666666,0.6279463171958923,1.0,0.94,0.5235673845410346,19,0.32472355573415757,0.8482909402751921,0.5656984835863113,0.2825924566888809,0,1,0
2,"Install pump 004 at Unit 2 completed, 100%.",ROT-L6-004,ROT-L6-158,Install pump 158,rotating_equipment,Unit 2,0,0.0,0.6666666666666666,0.6237161159515381,1.0,0.94,0.5225732872486113,20,0.32571765302658084,0.8482909402751921,0.5656984835863113,0.2825924566888809,0,1,0
3,"Safety inspection 007 at Site completed, 50%.",HSE-L6-007,HSE-L6-007,Safety inspection 007,hse,Site,1,0.82,1.0,0.8294734954833984,1.0,0.94,0.8491662714385986,1,0.0,0.8491662714385986,0.6122575163841247,0.23690875505447384,0,1,0
3,"Safety inspection 007 at Site completed, 50%.",HSE-L6-007,HSE-L6-021,Safety inspection 021,hse,Site,0,0.0,0.75,0.799030065536499,1.0,1.0,0.6122575163841247,2,0.23690875505447384,0.8491662714385986,0.6122575163841247,0.23690875505447384,0,1,0
3,"Safety inspection 007 at Site completed, 50%.",HSE-L6-007,HSE-L6-161,Safety inspection 161,hse,Site,0,0.0,0.75,0.769147515296936,1.0,1.0,0.604786878824234,3,0.2443793926143646,0.8491662714385986,0.6122575163841247,0.23690875505447384,0,1,0
3,"Safety inspection 007 at Site completed, 50%.",HSE-L6-007,HSE-L6-014,Safety inspection 014,hse,Site,0,0.0,0.75,0.8254408836364746,1.0,0.94,0.5817286076545715,4,0.2674376637840271,0.8491662714385986,0.6122575163841247,0.23690875505447384,0,1,0
3,"Safety inspection 007 at Site completed, 50%.",HSE-L6-007,HSE-L6-140,Safety inspection 140,hse,Site,0,0.0,0.75,0.8177884817123413,1.0,0.94,0.5799302932024002,5,0.2692359782361984,0.8491662714385986,0.6122575163841247,0.23690875505447384,0,1,0
3,"Safety inspection 007 at Site completed, 50%.",HSE-L6-007,HSE-L6-077,Safety inspection 077,hse,Site,0,0.0,0.75,0.813299298286438,1.0,0.94,0.5788753350973129,6,0.27029093634128565,0.8491662714385986,0.6122575163841247,0.23690875505447384,0,1,0
3,"Safety inspection 007 at Site completed, 50%.",HSE-L6-007,HSE-L6-203,Safety inspection 203,hse,Site,0,0.0,0.75,0.8118019104003906,1.0,0.94,0.5785234489440917,7,0.2706428224945069,0.8491662714385986,0.6122575163841247,0.23690875505447384,0,1,0
3,"Safety inspection 007 at Site completed, 50%.",HSE-L6-007,HSE-L6-049,Safety inspection 049,hse,Site,0,0.0,0.75,0.8104499578475952,1.0,0.94,0.5782057400941848,8,0.2709605313444138,0.8491662714385986,0.6122575163841247,0.23690875505447384,0,1,0
3,"Safety inspection 007 at Site completed, 50%.",HSE-L6-007,HSE-L6-035,Safety inspection 035,hse,Site,0,0.0,0.75,0.8087506890296936,1.0,0.94,0.5778064119219779,9,0.27135985951662067,0.8491662714385986,0.6122575163841247,0.23690875505447384,0,1,0
3,"Safety inspection 007 at Site completed, 50%.",HSE-L6-007,HSE-L6-042,Safety inspection 042,hse,Site,0,0.0,0.75,0.8073025941848755,1.0,0.94,0.5774661096334457,10,0.2717001618051529,0.8491662714385986,0.6122575163841247,0.23690875505447384,0,1,0
3,"Safety inspection 007 at Site completed, 50%.",HSE-L6-007,HSE-L6-056,Safety inspection 056,hse,Site,0,0.0,0.75,0.8056206703186035,1.0,0.94,0.5770708575248717,11,0.2720954139137268,0.8491662714385986,0.6122575163841247,0.23690875505447384,0,1,0
3,"Safety inspection 007 at Site completed, 50%.",HSE-L6-007,HSE-L6-070,Safety inspection 070,hse,Site,0,0.0,0.75,0.803962230682373,1.0,0.94,0.5766811242103577,12,0.2724851472282409,0.8491662714385986,0.6122575163841247,0.23690875505447384,0,1,0
3,"Safety inspection 007 at Site completed, 50%.",HSE-L6-007,HSE-L6-063,Safety inspection 063,hse,Site,0,0.0,0.75,0.8023561239242554,1.0,0.94,0.5763036891222,13,0.2728625823163986,0.8491662714385986,0.6122575163841247,0.23690875505447384,0,1,0
3,"Safety inspection 007 at Site completed, 50%.",HSE-L6-007,HSE-L6-028,Safety inspection 028,hse,Site,0,0.0,0.75,0.8022726774215698,1.0,0.94,0.5762840791940689,14,0.2728821922445297,0.8491662714385986,0.6122575163841247,0.23690875505447384,0,1,0
3,"Safety inspection 007 at Site completed, 50%.",HSE-L6-007,HSE-L6-196,Safety inspection 196,hse,Site,0,0.0,0.75,0.8014999628067017,1.0,0.94,0.5761024912595748,15,0.2730637801790238,0.8491662714385986,0.6122575163841247,0.23690875505447384,0,1,0
3,"Safety inspection 007 at Site completed, 50%.",HSE-L6-007,HSE-L6-091,Safety inspection 091,hse,Site,0,0.0,0.75,0.7987332344055176,1.0,0.94,0.5754523100852966,16,0.27371396135330195,0.8491662714385986,0.6122575163841247,0.23690875505447384,0,1,0
3,"Safety inspection 007 at Site completed, 50%.",HSE-L6-007,HSE-L6-084,Safety inspection 084,hse,Site,0,0.0,0.75,0.7956416606903076,1.0,0.94,0.5747257902622223,17,0.2744404811763763,0.8491662714385986,0.6122575163841247,0.23690875505447384,0,1,0
3,"Safety inspection 007 at Site completed, 50%.",HSE-L6-007,HSE-L6-126,Safety inspection 126,hse,Site,0,0.0,0.75,0.7942659258842468,1.0,0.94,0.574402492582798,18,0.2747637788558006,0.8491662714385986,0.6122575163841247,0.23690875505447384,0,1,0
3,"Safety inspection 007 at Site completed, 50%.",HSE-L6-007,HSE-L6-098,Safety inspection 098,hse,Site,0,0.0,0.75,0.79347163438797,1.0,0.94,0.5742158340811729,19,0.27495043735742564,0.8491662714385986,0.6122575163841247,0.23690875505447384,0,1,0
3,"Safety inspection 007 at Site completed, 50%.",HSE-L6-007,HSE-L6-217,Safety inspection 217,hse,Site,0,0.0,0.75,0.7884507775306702,1.0,0.94,0.5730359327197074,20,0.27613033871889114,0.8491662714385986,0.6122575163841247,0.23690875505447384,0,1,0
4,"Erect vessel 010 at Unit 2 completed, 100%.",STA-L6-010,STA-L6-010,Erect vessel 010,static_equipment,Unit 2,1,0.82,1.0,0.8278819918632507,1.0,0.94,0.8487922680878638,1,0.0,0.8487922680878638,0.585875043272972,0.26291722481489177,0,1,0
4,"Erect vessel 010 at Unit 2 completed, 100%.",STA-L6-010,STA-L6-101,Erect vessel 101,static_equipment,Unit 2,0,0.0,0.6666666666666666,0.7435001730918884,1.0,1.0,0.585875043272972,2,0.26291722481489177,0.8487922680878638,0.585875043272972,0.26291722481489177,0,1,0
4,"Erect vessel 010 at Unit 2 completed, 100%.",STA-L6-010,STA-L6-241,Erect vessel 241,static_equipment,Unit 2,0,0.0,0.6666666666666666,0.6783240437507629,1.0,1.0,0.5695810109376906,3,0.27921125715017314,0.8487922680878638,0.585875043272972,0.26291722481489177,0,1,0
4,"Erect vessel 010 at Unit 2 completed, 100%.",STA-L6-010,STA-L6-003,Erect vessel 003,static_equipment,Unit 2,0,0.0,0.6666666666666666,0.794053852558136,1.0,0.94,0.5626026553511618,4,0.28618961273670196,0.8487922680878638,0.585875043272972,0.26291722481489177,0,1,0
4,"Erect vessel 010 at Unit 2 completed, 100%.",STA-L6-010,STA-L6-017,Erect vessel 017,static_equipment,Unit 2,0,0.0,0.6666666666666666,0.7918168306350708,1.0,0.94,0.5620769551992415,5,0.2867153128886223,0.8487922680878638,0.585875043272972,0.26291722481489177,0,1,0
4,"Erect vessel 010 at Unit 2 completed, 100%.",STA-L6-010,STA-L6-024,Erect vessel 024,static_equipment,Unit 2,0,0.0,0.6666666666666666,0.784336507320404,1.0,0.94,0.5603190792202949,6,0.2884731888675689,0.8487922680878638,0.585875043272972,0.26291722481489177,0,1,0
4,"Erect vessel 010 at Unit 2 completed, 100%.",STA-L6-010,STA-L6-031,Erect vessel 031,static_equipment,Unit 2,0,0.0,0.6666666666666666,0.7632571458816528,1.0,0.94,0.5553654292821883,7,0.29342683880567544,0.8487922680878638,0.585875043272972,0.26291722481489177,0,1,0
4,"Erect vessel 010 at Unit 2 completed, 100%.",STA-L6-010,STA-L6-080,Erect vessel 080,static_equipment,Unit 2,0,0.0,0.6666666666666666,0.757765531539917,1.0,0.94,0.5540748999118804,8,0.2947173681759834,0.8487922680878638,0.585875043272972,0.26291722481489177,0,1,0
4,"Erect vessel 010 at Unit 2 completed, 100%.",STA-L6-010,STA-L6-199,Erect vessel 199,static_equipment,Unit 2,0,0.0,0.6666666666666666,0.7459019422531128,1.0,0.94,0.5512869564294814,9,0.29750531165838234,0.8487922680878638,0.585875043272972,0.26291722481489177,0,1,0
4,"Erect vessel 010 at Unit 2 completed, 100%.",STA-L6-010,STA-L6-220,Erect vessel 220,static_equipment,Unit 2,0,0.0,0.6666666666666666,0.7366818189620972,1.0,0.94,0.5491202274560927,10,0.2996720406317711,0.8487922680878638,0.585875043272972,0.26291722481489177,0,1,0
4,"Erect vessel 010 at Unit 2 completed, 100%.",STA-L6-010,STA-L6-038,Erect vessel 038,static_equipment,Unit 2,0,0.0,0.6666666666666666,0.7351866364479065,1.0,0.94,0.5487688595652579,11,0.3000234085226059,0.8487922680878638,0.585875043272972,0.26291722481489177,0,1,0
4,"Erect vessel 010 at Unit 2 completed, 100%.",STA-L6-010,STA-L6-115,Erect vessel 115,static_equipment,Unit 2,0,0.0,0.6666666666666666,0.7315442562103271,1.0,0.94,0.5479129002094267,12,0.30087936787843705,0.8487922680878638,0.585875043272972,0.26291722481489177,0,1,0
4,"Erect vessel 010 at Unit 2 completed, 100%.",STA-L6-010,STA-L6-059,Erect vessel 059,static_equipment,Unit 2,0,0.0,0.6666666666666666,0.7296290397644043,1.0,0.94,0.5474628243446349,13,0.3013294437432289,0.8487922680878638,0.585875043272972,0.26291722481489177,0,1,0
4,"Erect vessel 010 at Unit 2 completed, 100%.",STA-L6-010,STA-L6-073,Erect vessel 073,static_equipment,Unit 2,0,0.0,0.6666666666666666,0.7281172275543213,1.0,0.94,0.5471075484752654,14,0.30168471961259835,0.8487922680878638,0.585875043272972,0.26291722481489177,0,1,0
4,"Erect vessel 010 at Unit 2 completed, 100%.",STA-L6-010,STA-L6-052,Erect vessel 052,static_equipment,Unit 2,0,0.0,0.6666666666666666,0.7251700162887573,1.0,0.94,0.5464149538278579,15,0.3023773142600059,0.8487922680878638,0.585875043272972,0.26291722481489177,0,1,0
4,"Erect vessel 010 at Unit 2 completed, 100%.",STA-L6-010,STA-L6-094,Erect vessel 094,static_equipment,Unit 2,0,0.0,0.6666666666666666,0.7238947153091431,1.0,0.94,0.5461152580976485,16,0.3026770099902153,0.8487922680878638,0.585875043272972,0.26291722481489177,0,1,0
4,"Erect vessel 010 at Unit 2 completed, 100%.",STA-L6-010,STA-L6-213,Erect vessel 213,static_equipment,Unit 2,0,0.0,0.6666666666666666,0.7234914302825928,1.0,0.94,0.5460204861164092,17,0.3027717819714546,0.8487922680878638,0.585875043272972,0.26291722481489177,0,1,0
4,"Erect vessel 010 at Unit 2 completed, 100%.",STA-L6-010,STA-L6-087,Erect vessel 087,static_equipment,Unit 2,0,0.0,0.6666666666666666,0.7216339111328125,1.0,0.94,0.5455839691162109,18,0.3032082989716529,0.8487922680878638,0.585875043272972,0.26291722481489177,0,1,0
4,"Erect vessel 010 at Unit 2 completed, 100%.",STA-L6-010,STA-L6-122,Erect vessel 122,static_equipment,Unit 2,0,0.0,0.6666666666666666,0.7120051383972168,1.0,0.94,0.5433212075233458,19,0.305471060564518,0.8487922680878638,0.585875043272972,0.26291722481489177,0,1,0
4,"Erect vessel 010 at Unit 2 completed, 100%.",STA-L6-010,STA-L6-234,Erect vessel 234,static_equipment,Unit 2,0,0.0,0.6666666666666666,0.7108015418052673,1.0,0.94,0.5430383623242377,20,0.30575390576362604,0.8487922680878638,0.585875043272972,0.26291722481489177,0,1,0
5,"Calibrate transmitter 013 at Unit 2 completed, 50%.",INS-L6-013,INS-L6-013,Calibrate transmitter 013,instrumentation,Unit 2,1,0.82,1.0,0.8831013441085815,1.0,0.94,0.8617688158655166,1,0.0,0.8617688158655166,0.6036653608083724,0.25810345505714416,0,1,0
5,"Calibrate transmitter 013 at Unit 2 completed, 50%.",INS-L6-013,INS-L6-041,Calibrate transmitter 041,instrumentation,Unit 2,0,0.0,0.6666666666666666,0.81466144323349,1.0,1.0,0.6036653608083724,2,0.25810345505714416,0.8617688158655166,0.6036653608083724,0.25810345505714416,0,1,0
5,"Calibrate transmitter 013 at Unit 2 completed, 50%.",INS-L6-013,INS-L6-181,Calibrate transmitter 181,instrumentation,Unit 2,0,0.0,0.6666666666666666,0.7421818971633911,1.0,1.0,0.5855454742908477,3,0.2762233415746689,0.8617688158655166,0.6036653608083724,0.25810345505714416,0,1,0
5,"Calibrate transmitter 013 at Unit 2 completed, 50%.",INS-L6-013,INS-L6-020,Calibrate transmitter 020,instrumentation,Unit 2,0,0.0,0.6756756756756757,0.8385505676269531,1.0,0.94,0.5743296536626042,4,0.2874391622029123,0.8617688158655166,0.6036653608083724,0.25810345505714416,0,1,0
5,"Calibrate transmitter 013 at Unit 2 completed, 50%.",INS-L6-013,INS-L6-027,Calibrate transmitter 027,instrumentation,Unit 2,0,0.0,0.6666666666666666,0.8274127244949341,1.0,0.94,0.5704419902563094,5,0.2913268256092072,0.8617688158655166,0.6036653608083724,0.25810345505714416,0,1,0
5,"Calibrate transmitter 013 at Unit 2 completed, 50%.",INS-L6-013,INS-L6-237,Calibrate transmitter 237,instrumentation,Unit 2,0,0.0,0.6666666666666666,0.81898033618927,1.0,0.94,0.5684603790044783,6,0.29330843686103825,0.8617688158655166,0.6036653608083724,0.25810345505714416,0,1,0
5,"Calibrate transmitter 013 at Unit 2 completed, 50%.",INS-L6-013,INS-L6-034,Calibrate transmitter 034,instrumentation,Unit 2,0,0.0,0.6666666666666666,0.809391975402832,1.0,0.94,0.5662071142196654,7,0.29556170164585116,0.8617688158655166,0.6036653608083724,0.25810345505714416,0,1,0
5,"Calibrate transmitter 013 at Unit 2 completed, 50%.",INS-L6-013,INS-L6-062,Calibrate transmitter 062,instrumentation,Unit 2,0,0.0,0.6666666666666666,0.7942708134651184,1.0,0.94,0.5626536411643027,8,0.29911517470121385,0.8617688158655166,0.6036653608083724,0.25810345505714416,0,1,0
5,"Calibrate transmitter 013 at Unit 2 completed, 50%.",INS-L6-013,INS-L6-048,Calibrate transmitter 048,instrumentation,Unit 2,0,0.0,0.6666666666666666,0.7915114760398865,1.0,0.94,0.5620051968693732,9,0.29976361899614334,0.8617688158655166,0.6036653608083724,0.25810345505714416,0,1,0
5,"Calibrate transmitter 013 at Unit 2 completed, 50%.",INS-L6-013,INS-L6-006,Calibrate transmitter 006,instrumentation,Unit 2,0,0.0,0.6666666666666666,0.7913303375244141,1.0,0.94,0.5619626293182372,10,0.2998061865472794,0.8617688158655166,0.6036653608083724,0.25810345505714416,0,1,0
5,"Calibrate transmitter 013 at Unit 2 completed, 50%.",INS-L6-013,INS-L6-202,Calibrate transmitter 202,instrumentation,Unit 2,0,0.0,0.6666666666666666,0.7862510681152344,1.0,0.94,0.5607690010070799,11,0.30099981485843663,0.8617688158655166,0.6036653608083724,0.25810345505714416,0,1,0
5,"Calibrate transmitter 013 at Unit 2 completed, 50%.",INS-L6-013,INS-L6-083,Calibrate transmitter 083,instrumentation,Unit 2,0,0.0,0.6666666666666666,0.7838402986526489,1.0,0.94,0.5602024701833724,12,0.30156634568214413,0.8617688158655166,0.6036653608083724,0.25810345505714416,0,1,0
5,"Calibrate transmitter 013 at Unit 2 completed, 50%.",INS-L6-013,INS-L6-076,Calibrate transmitter 076,instrumentation,Unit 2,0,0.0,0.6666666666666666,0.78343665599823,1.0,0.94,0.5601076141595839,13,0.3016612017059327,0.8617688158655166,0.6036653608083724,0.25810345505714416,0,1,0
5,"Calibrate transmitter 013 at Unit 2 completed, 50%.",INS-L6-013,INS-L6-272,Calibrate transmitter 272,instrumentation,Unit 2,0,0.0,0.6666666666666666,0.7806709408760071,1.0,0.94,0.5594576711058615,14,0.30231114475965504,0.8617688158655166,0.6036653608083724,0.25810345505714416,0,1,0
5,"Calibrate transmitter 013 at Unit 2 completed, 50%.",INS-L6-013,INS-L6-258,Calibrate transmitter 258,instrumentation,Unit 2,0,0.0,0.6666666666666666,0.7666431665420532,1.0,0.94,0.5561611441373824,15,0.3056076717281342,0.8617688158655166,0.6036653608083724,0.25810345505714416,0,1,0
5,"Calibrate transmitter 013 at Unit 2 completed, 50%.",INS-L6-013,INS-L6-244,Calibrate transmitter 244,instrumentation,Unit 2,0,0.0,0.6666666666666666,0.7662543058395386,1.0,0.94,0.5560697618722914,16,0.30569905399322517,0.8617688158655166,0.6036653608083724,0.25810345505714416,0,1,0
5,"Calibrate transmitter 013 at Unit 2 completed, 50%.",INS-L6-013,INS-L6-167,Calibrate transmitter 167,instrumentation,Unit 2,0,0.0,0.6666666666666666,0.76180100440979,1.0,0.94,0.5550232360363005,17,0.306745579829216,0.8617688158655166,0.6036653608083724,0.25810345505714416,0,1,0
5,"Calibrate transmitter 013 at Unit 2 completed, 50%.",INS-L6-013,INS-L6-055,Calibrate transmitter 055,instrumentation,Unit 2,0,0.0,0.6666666666666666,0.7614338397979736,1.0,0.94,0.5549369523525237,18,0.30683186351299285,0.8617688158655166,0.6036653608083724,0.25810345505714416,0,1,0
5,"Calibrate transmitter 013 at Unit 2 completed, 50%.",INS-L6-013,INS-L6-069,Calibrate transmitter 069,instrumentation,Unit 2,0,0.0,0.6666666666666666,0.7584407925605774,1.0,0.94,0.5542335862517356,19,0.307535229613781,0.8617688158655166,0.6036653608083724,0.25810345505714416,0,1,0
5,"Calibrate transmitter 013 at Unit 2 completed, 50%.",INS-L6-013,INS-L6-104,Calibrate transmitter 104,instrumentation,Unit 2,0,0.0,0.6666666666666666,0.7584285140037537,1.0,0.94,0.554230700790882,20,0.3075381150746346,0.8617688158655166,0.6036653608083724,0.25810345505714416,0,1,0
6,"Erect line 016 at R03 completed, 100%.",PIP-L6-016,PIP-L6-016,Erect line 016,piping,R03,1,0.82,1.0,0.8211778998374939,1.0,0.94,0.847216806461811,1,0.0,0.847216806461811,0.8295146582031249,0.0177021482586861,0,1,1
6,"Erect line 016 at R03 completed, 100%.",PIP-L6-016,PIP-L6-100,Erect line 100,piping,R03,0,0.82,1.0,0.745849609375,1.0,0.94,0.8295146582031249,2,0.0177021482586861,0.847216806461811,0.8295146582031249,0.0177021482586861,0,1,1
6,"Erect line 016 at R03 completed, 100%.",PIP-L6-016,PIP-L6-261,Erect line 261,piping,R03,0,0.0,0.6666666666666666,0.6491813659667969,1.0,1.0,0.5622953414916991,3,0.28492146497011184,0.847216806461811,0.8295146582031249,0.0177021482586861,0,1,1
6,"Erect line 016 at R03 completed, 100%.",PIP-L6-016,PIP-L6-030,Erect line 030,piping,R03,0,0.0,0.6666666666666666,0.7855393290519714,1.0,0.94,0.5606017423272132,4,0.2866150641345978,0.847216806461811,0.8295146582031249,0.0177021482586861,0,1,1
6,"Erect line 016 at R03 completed, 100%.",PIP-L6-016,PIP-L6-121,Erect line 121,piping,R03,0,0.0,0.6666666666666666,0.6268009543418884,1.0,1.0,0.556700238585472,5,0.29051656787633895,0.847216806461811,0.8295146582031249,0.0177021482586861,0,1,1
6,"Erect line 016 at R03 completed, 100%.",PIP-L6-016,PIP-L6-023,Erect line 023,piping,R03,0,0.0,0.6666666666666666,0.7677145004272461,1.0,0.94,0.5564129076004027,6,0.2908038988614082,0.847216806461811,0.8295146582031249,0.0177021482586861,0,1,1
6,"Erect line 016 at R03 completed, 100%.",PIP-L6-016,PIP-L6-002,Erect line 002,piping,R03,0,0.0,0.6666666666666666,0.7526997327804565,1.0,0.94,0.5528844372034072,7,0.2943323692584038,0.847216806461811,0.8295146582031249,0.0177021482586861,0,1,1
6,"Erect line 016 at R03 completed, 100%.",PIP-L6-016,PIP-L6-009,Erect line 009,piping,R03,0,0.0,0.6666666666666666,0.7507486343383789,1.0,0.94,0.5524259290695189,8,0.29479087739229204,0.847216806461811,0.8295146582031249,0.0177021482586861,0,1,1
6,"Erect line 016 at R03 completed, 100%.",PIP-L6-016,PIP-L6-044,Erect line 044,piping,R03,0,0.0,0.6666666666666666,0.7429160475730896,1.0,0.94,0.5505852711796759,9,0.29663153528213504,0.847216806461811,0.8295146582031249,0.0177021482586861,0,1,1
6,"Erect line 016 at R03 completed, 100%.",PIP-L6-016,PIP-L6-037,Erect line 037,piping,R03,0,0.0,0.6666666666666666,0.736018717288971,1.0,0.94,0.548964398562908,10,0.29825240789890295,0.847216806461811,0.8295146582031249,0.0177021482586861,0,1,1
6,"Erect line 016 at R03 completed, 100%.",PIP-L6-016,PIP-L6-086,Erect line 086,piping,R03,0,0.0,0.6666666666666666,0.7343838214874268,1.0,0.94,0.5485801980495452,11,0.2986366084122658,0.847216806461811,0.8295146582031249,0.0177021482586861,0,1,1
6,"Erect line 016 at R03 completed, 100%.",PIP-L6-016,PIP-L6-079,Erect line 079,piping,R03,0,0.0,0.6666666666666666,0.7316083908081055,1.0,0.94,0.5479279718399047,12,0.29928883462190625,0.847216806461811,0.8295146582031249,0.0177021482586861,0,1,1
6,"Erect line 016 at R03 completed, 100%.",PIP-L6-016,PIP-L6-065,Erect line 065,piping,R03,0,0.0,0.6666666666666666,0.7276003360748291,1.0,0.94,0.5469860789775848,13,0.3002307274842262,0.847216806461811,0.8295146582031249,0.0177021482586861,0,1,1
6,"Erect line 016 at R03 completed, 100%.",PIP-L6-016,PIP-L6-093,Erect line 093,piping,R03,0,0.0,0.6666666666666666,0.7267781496047974,1.0,0.94,0.5467928651571272,14,0.30042394130468375,0.847216806461811,0.8295146582031249,0.0177021482586861,0,1,1
6,"Erect line 016 at R03 completed, 100%.",PIP-L6-016,PIP-L6-051,Erect line 051,piping,R03,0,0.0,0.6666666666666666,0.72612065076828,1.0,0.94,0.5466383529305457,15,0.3005784535312652,0.847216806461811,0.8295146582031249,0.0177021482586861,0,1,1
6,"Erect line 016 at R03 completed, 100%.",PIP-L6-016,PIP-L6-072,Erect line 072,piping,R03,0,0.0,0.6666666666666666,0.7252761721611023,1.0,0.94,0.546439900457859,16,0.300776906003952,0.847216806461811,0.8295146582031249,0.0177021482586861,0,1,1
6,"Erect line 016 at R03 completed, 100%.",PIP-L6-016,PIP-L6-247,Erect line 247,piping,R03,0,0.0,0.6666666666666666,0.7051414251327515,1.0,0.94,0.5417082349061965,17,0.3055085715556145,0.847216806461811,0.8295146582031249,0.0177021482586861,0,1,1
6,"Erect line 016 at R03 completed, 100%.",PIP-L6-016,PIP-L6-058,Erect line 058,piping,R03,0,0.0,0.6666666666666666,0.7032104730606079,1.0,0.94,0.5412544611692427,18,0.30596234529256827,0.847216806461811,0.8295146582031249,0.0177021482586861,0,1,1
6,"Erect line 016 at R03 completed, 100%.",PIP-L6-016,PIP-L6-233,Erect line 233,piping,R03,0,0.0,0.6666666666666666,0.7019004821777344,1.0,0.94,0.5409466133117674,19,0.30627019315004356,0.847216806461811,0.8295146582031249,0.0177021482586861,0,1,1
6,"Erect line 016 at R03 completed, 100%.",PIP-L6-016,PIP-L6-149,Erect line 149,piping,R03,0,0.0,0.6666666666666666,0.6964502334594727,1.0,0.94,0.539665804862976,20,0.30755100159883497,0.847216806461811,0.8295146582031249,0.0177021482586861,0,1,1
7,"Install cable tray 019 at R03 completed, 50%.",ELE-L6-019,ELE-L6-019,Install cable tray 019,electrical,R03,1,0.82,1.0,0.9094547033309937,1.0,0.94,0.8679618552827835,1,0.0,0.8679618552827835,0.6250028371810913,0.24295901810169218,0,1,1
7,"Install cable tray 019 at R03 completed, 50%.",ELE-L6-019,ELE-L6-061,Install cable tray 061,electrical,R03,0,0.0,0.75,0.8500113487243652,1.0,1.0,0.6250028371810913,2,0.24295901810169218,0.8679618552827835,0.6250028371810913,0.24295901810169218,0,1,1
7,"Install cable tray 019 at R03 completed, 50%.",ELE-L6-019,ELE-L6-201,Install cable tray 201,electrical,R03,0,0.0,0.75,0.8389695882797241,1.0,1.0,0.622242397069931,3,0.24571945821285246,0.8679618552827835,0.6250028371810913,0.24295901810169218,0,1,1
7,"Install cable tray 019 at R03 completed, 50%.",ELE-L6-019,ELE-L6-012,Install cable tray 012,electrical,R03,0,0.0,0.75,0.8919270038604736,1.0,0.94,0.5973528459072113,4,0.2706090093755722,0.8679618552827835,0.6250028371810913,0.24295901810169218,0,1,1
7,"Install cable tray 019 at R03 completed, 50%.",ELE-L6-019,ELE-L6-026,Install cable tray 026,electrical,R03,0,0.0,0.75,0.8737714886665344,1.0,0.94,0.5930862998366355,5,0.27487555544614795,0.8679618552827835,0.6250028371810913,0.24295901810169218,0,1,1
7,"Install cable tray 019 at R03 completed, 50%.",ELE-L6-019,ELE-L6-096,Install cable tray 096,electrical,R03,0,0.0,0.75,0.8667234182357788,1.0,0.94,0.591430003285408,6,0.2765318519973755,0.8679618552827835,0.6250028371810913,0.24295901810169218,0,1,1
7,"Install cable tray 019 at R03 completed, 50%.",ELE-L6-019,ELE-L6-089,Install cable tray 089,electrical,R03,0,0.0,0.75,0.8637725114822388,1.0,0.94,0.5907365401983261,7,0.27722531508445736,0.8679618552827835,0.6250028371810913,0.24295901810169218,0,1,1
7,"Install cable tray 019 at R03 completed, 50%.",ELE-L6-019,ELE-L6-033,Install cable tray 033,electrical,R03,0,0.0,0.75,0.8636143207550049,1.0,0.94,0.5906993653774261,8,0.2772624899053574,0.8679618552827835,0.6250028371810913,0.24295901810169218,0,1,1
7,"Install cable tray 019 at R03 completed, 50%.",ELE-L6-019,ELE-L6-005,Install cable tray 005,electrical,R03,0,0.0,0.75,0.8578517436981201,1.0,0.94,0.5893451597690582,9,0.27861669551372525,0.8679618552827835,0.6250028371810913,0.24295901810169218,0,1,1
7,"Install cable tray 019 at R03 completed, 50%.",ELE-L6-019,ELE-L6-075,Install cable tray 075,electrical,R03,0,0.0,0.75,0.8551966547966003,1.0,0.94,0.588721213877201,10,0.27924064140558247,0.8679618552827835,0.6250028371810913,0.24295901810169218,0,1,1
7,"Install cable tray 019 at R03 completed, 50%.",ELE-L6-019,ELE-L6-040,Install cable tray 040,electrical,R03,0,0.0,0.75,0.8549412488937378,1.0,0.94,0.5886611934900283,11,0.27930066179275514,0.8679618552827835,0.6250028371810913,0.24295901810169218,0,1,1
7,"Install cable tray 019 at R03 completed, 50%.",ELE-L6-019,ELE-L6-103,Install cable tray 103,electrical,R03,0,0.0,0.75,0.8492648005485535,1.0,0.94,0.58732722812891,12,0.28063462715387344,0.8679618552827835,0.6250028371810913,0.24295901810169218,0,1,1
7,"Install cable tray 019 at R03 completed, 50%.",ELE-L6-019,ELE-L6-110,Install cable tray 110,electrical,R03,0,0.0,0.75,0.8454192876815796,1.0,0.94,0.5864235326051711,13,0.28153832267761236,0.8679618552827835,0.6250028371810913,0.24295901810169218,0,1,1
7,"Install cable tray 019 at R03 completed, 50%.",ELE-L6-019,ELE-L6-082,Install cable tray 082,electrical,R03,0,0.0,0.75,0.8442933559417725,1.0,0.94,0.5861589386463165,14,0.28180291663646695,0.8679618552827835,0.6250028371810913,0.24295901810169218,0,1,1
7,"Install cable tray 019 at R03 completed, 50%.",ELE-L6-019,ELE-L6-054,Install cable tray 054,electrical,R03,0,0.0,0.75,0.8439401388168335,1.0,0.94,0.5860759326219558,15,0.2818859226608277,0.8679618552827835,0.6250028371810913,0.24295901810169218,0,1,1
7,"Install cable tray 019 at R03 completed, 50%.",ELE-L6-019,ELE-L6-068,Install cable tray 068,electrical,R03,0,0.0,0.75,0.8421884775161743,1.0,0.94,0.5856642922163009,16,0.28229756306648257,0.8679618552827835,0.6250028371810913,0.24295901810169218,0,1,1
7,"Install cable tray 019 at R03 completed, 50%.",ELE-L6-019,ELE-L6-047,Install cable tray 047,electrical,R03,0,0.0,0.75,0.8306072354316711,1.0,0.94,0.5829427003264427,17,0.2850191549563408,0.8679618552827835,0.6250028371810913,0.24295901810169218,0,1,1
7,"Install cable tray 019 at R03 completed, 50%.",ELE-L6-019,ELE-L6-278,Install cable tray 278,electrical,R03,0,0.0,0.75,0.8304476737976074,1.0,0.94,0.5829052033424377,18,0.2850566519403458,0.8679618552827835,0.6250028371810913,0.24295901810169218,0,1,1
7,"Install cable tray 019 at R03 completed, 50%.",ELE-L6-019,ELE-L6-222,Install cable tray 222,electrical,R03,0,0.0,0.75,0.830392599105835,1.0,0.94,0.5828922607898711,19,0.28506959449291236,0.8679618552827835,0.6250028371810913,0.24295901810169218,0,1,1
7,"Install cable tray 019 at R03 completed, 50%.",ELE-L6-019,ELE-L6-236,Install cable tray 236,electrical,R03,0,0.0,0.75,0.8248684406280518,1.0,0.94,0.5815940835475921,20,0.28636777173519135,0.8679618552827835,0.6250028371810913,0.24295901810169218,0,1,1
8,"Foundation 022 at Area A completed, 100%.",CIV-L6-022,CIV-L6-022,Foundation 022,civil,Area A,1,0.82,1.0,0.6950831413269043,0.5,0.94,0.6765845382118224,1,0.0,0.6765845382118224,0.494148587783575,0.1824359504282474,0,0,0
8,"Foundation 022 at Area A completed, 100%.",CIV-L6-022,PIP-L6-100,Erect line 100,piping,R03,0,0.82,0.3333333333333333,0.318759948015213,0.5,0.94,0.494148587783575,2,0.1824359504282474,0.6765845382118224,0.494148587783575,0.1824359504282474,0,0,0
8,"Foundation 022 at Area A completed, 100%.",CIV-L6-022,CIV-L6-001,Foundation 001,civil,Area A,0,0.0,0.75,0.6458854675292969,0.5,1.0,0.4239713668823242,3,0.25261317132949823,0.6765845382118224,0.494148587783575,0.1824359504282474,0,0,0
8,"Foundation 022 at Area A completed, 100%.",CIV-L6-022,CIV-L6-176,Foundation 176,civil,Area A,0,0.0,0.75,0.6816699504852295,0.5,0.94,0.4069424383640289,4,0.2696420998477935,0.6765845382118224,0.494148587783575,0.1824359504282474,0,0,0
8,"Foundation 022 at Area A completed, 100%.",CIV-L6-022,CIV-L6-141,Foundation 141,civil,Area A,0,0.0,0.75,0.5720852613449097,0.5,1.0,0.4055213153362274,5,0.27106322287559503,0.6765845382118224,0.494148587783575,0.1824359504282474,0,0,0
8,"Foundation 022 at Area A completed, 100%.",CIV-L6-022,CIV-L6-029,Foundation 029,civil,Area A,0,0.0,0.75,0.6690620183944702,0.5,0.94,0.40397957432270043,6,0.272604963889122,0.6765845382118224,0.494148587783575,0.1824359504282474,0,0,0
8,"Foundation 022 at Area A completed, 100%.",CIV-L6-022,CIV-L6-120,Foundation 120,civil,Area A,0,0.0,0.75,0.6507600545883179,0.5,0.94,0.3996786128282546,7,0.2769059253835678,0.6765845382118224,0.494148587783575,0.1824359504282474,0,0,0
8,"Foundation 022 at Area A completed, 100%.",CIV-L6-022,CIV-L6-008,Foundation 008,civil,Area A,0,0.0,0.75,0.6463710069656372,0.5,0.94,0.39864718663692467,8,0.27793735157489774,0.6765845382118224,0.494148587783575,0.1824359504282474,0,0,0
8,"Foundation 022 at Area A completed, 100%.",CIV-L6-022,CIV-L6-204,Foundation 204,civil,Area A,0,0.0,0.75,0.6451142430305481,0.5,0.94,0.39835184711217875,9,0.27823269109964366,0.6765845382118224,0.494148587783575,0.1824359504282474,0,0,0
8,"Foundation 022 at Area A completed, 100%.",CIV-L6-022,CIV-L6-092,Foundation 092,civil,Area A,0,0.0,0.75,0.6426147222518921,0.5,0.94,0.39776445972919455,10,0.27882007848262785,0.6765845382118224,0.494148587783575,0.1824359504282474,0,0,0
8,"Foundation 022 at Area A completed, 100%.",CIV-L6-022,CIV-L6-015,Foundation 015,civil,Area A,0,0.0,0.75,0.6341963410377502,0.5,0.94,0.39578614014387126,11,0.28079839806795115,0.6765845382118224,0.494148587783575,0.1824359504282474,0,0,0
8,"Foundation 022 at Area A completed, 100%.",CIV-L6-022,CIV-L6-071,Foundation 071,civil,Area A,0,0.0,0.75,0.6341809630393982,0.5,0.94,0.39578252631425853,12,0.2808020118975639,0.6765845382118224,0.494148587783575,0.1824359504282474,0,0,0
8,"Foundation 022 at Area A completed, 100%.",CIV-L6-022,CIV-L6-078,Foundation 078,civil,Area A,0,0.0,0.75,0.6253911256790161,0.5,0.94,0.3937169145345687,13,0.2828676236772537,0.6765845382118224,0.494148587783575,0.1824359504282474,0,0,0
8,"Foundation 022 at Area A completed, 100%.",CIV-L6-022,CIV-L6-218,Foundation 218,civil,Area A,0,0.0,0.75,0.6242392063140869,0.5,0.94,0.39344621348381037,14,0.28313832472801204,0.6765845382118224,0.494148587783575,0.1824359504282474,0,0,0
8,"Foundation 022 at Area A completed, 100%.",CIV-L6-022,CIV-L6-085,Foundation 085,civil,Area A,0,0.0,0.75,0.6223900318145752,0.5,0.94,0.3930116574764251,15,0.2835728807353973,0.6765845382118224,0.494148587783575,0.1824359504282474,0,0,0
8,"Foundation 022 at Area A completed, 100%.",CIV-L6-022,CIV-L6-211,Foundation 211,civil,Area A,0,0.0,0.75,0.6221916079521179,0.5,0.94,0.39296502786874765,16,0.28361951034307475,0.6765845382118224,0.494148587783575,0.1824359504282474,0,0,0
8,"Foundation 022 at Area A completed, 100%.",CIV-L6-022,CIV-L6-050,Foundation 050,civil,Area A,0,0.0,0.75,0.6195194721221924,0.5,0.94,0.39233707594871514,17,0.28424746226310726,0.6765845382118224,0.494148587783575,0.1824359504282474,0,0,0
8,"Foundation 022 at Area A completed, 100%.",CIV-L6-022,CIV-L6-106,Foundation 106,civil,Area A,0,0.0,0.75,0.6177646517753601,0.5,0.94,0.39192469316720957,18,0.28465984504461284,0.6765845382118224,0.494148587783575,0.1824359504282474,0,0,0
8,"Foundation 022 at Area A completed, 100%.",CIV-L6-022,CIV-L6-036,Foundation 036,civil,Area A,0,0.0,0.75,0.6161614656448364,0.5,0.94,0.3915479444265365,19,0.2850365937852859,0.6765845382118224,0.494148587783575,0.1824359504282474,0,0,0
8,"Foundation 022 at Area A completed, 100%.",CIV-L6-022,CIV-L6-057,Foundation 057,civil,Area A,0,0.0,0.75,0.6137901544570923,0.5,0.94,0.3909906862974166,20,0.2855938519144058,0.6765845382118224,0.494148587783575,0.1824359504282474,0,0,0
9,"Install pump 025 at Unit 2 completed, 50%.",ROT-L6-025,ROT-L6-025,Install pump 025,rotating_equipment,Unit 2,1,0.82,1.0,0.800501823425293,1.0,0.94,0.8423579285049437,1,0.0,0.8423579285049437,0.5662444472312926,0.2761134812736511,0,1,0
9,"Install pump 025 at Unit 2 completed, 50%.",ROT-L6-025,ROT-L6-221,Install pump 221,rotating_equipment,Unit 2,0,0.0,0.6666666666666666,0.6649777889251709,1.0,1.0,0.5662444472312926,2,0.2761134812736511,0.8423579285049437,0.5662444472312926,0.2761134812736511,0,1,0
9,"Install pump 025 at Unit 2 completed, 50%.",ROT-L6-025,ROT-L6-081,Install pump 081,rotating_equipment,Unit 2,0,0.0,0.6666666666666666,0.6574702858924866,1.0,1.0,0.5643675714731216,3,0.2779903570318222,0.8423579285049437,0.5662444472312926,0.2761134812736511,0,1,0
9,"Install pump 025 at Unit 2 completed, 50%.",ROT-L6-025,ROT-L6-032,Install pump 032,rotating_equipment,Unit 2,0,0.0,0.6666666666666666,0.7169265747070312,1.0,0.94,0.5444777450561522,4,0.2978801834487915,0.8423579285049437,0.5662444472312926,0.2761134812736511,0,1,0
9,"Install pump 025 at Unit 2 completed, 50%.",ROT-L6-025,ROT-L6-053,Install pump 053,rotating_equipment,Unit 2,0,0.0,0.6666666666666666,0.7023266553878784,1.0,0.94,0.5410467640161513,5,0.30131116448879247,0.8423579285049437,0.5662444472312926,0.2761134812736511,0,1,0
9,"Install pump 025 at Unit 2 completed, 50%.",ROT-L6-025,ROT-L6-242,Install pump 242,rotating_equipment,Unit 2,0,0.0,0.6666666666666666,0.7016551494598389,1.0,0.94,0.540888960123062,6,0.30146896838188175,0.8423579285049437,0.5662444472312926,0.2761134812736511,0,1,0
9,"Install pump 025 at Unit 2 completed, 50%.",ROT-L6-025,ROT-L6-011,Install pump 011,rotating_equipment,Unit 2,0,0.0,0.6666666666666666,0.6951252222061157,1.0,0.94,0.5393544272184371,7,0.30300350128650666,0.8423579285049437,0.5662444472312926,0.2761134812736511,0,1,0
9,"Install pump 025 at Unit 2 completed, 50%.",ROT-L6-025,ROT-L6-200,Install pump 200,rotating_equipment,Unit 2,0,0.0,0.6666666666666666,0.6951114535331726,1.0,0.94,0.5393511915802954,8,0.3030067369246483,0.8423579285049437,0.5662444472312926,0.2761134812736511,0,1,0
9,"Install pump 025 at Unit 2 completed, 50%.",ROT-L6-025,ROT-L6-018,Install pump 018,rotating_equipment,Unit 2,0,0.0,0.6666666666666666,0.6878798007965088,1.0,0.94,0.5376517531871795,9,0.3047061753177642,0.8423579285049437,0.5662444472312926,0.2761134812736511,0,1,0
9,"Install pump 025 at Unit 2 completed, 50%.",ROT-L6-025,ROT-L6-277,Install pump 277,rotating_equipment,Unit 2,0,0.0,0.6666666666666666,0.6877228021621704,1.0,0.94,0.53761485850811,10,0.30474306999683376,0.8423579285049437,0.5662444472312926,0.2761134812736511,0,1,0
9,"Install pump 025 at Unit 2 completed, 50%.",ROT-L6-025,ROT-L6-151,Install pump 151,rotating_equipment,Unit 2,0,0.0,0.6666666666666666,0.677956223487854,1.0,0.94,0.5353197125196456,11,0.3070382159852981,0.8423579285049437,0.5662444472312926,0.2761134812736511,0,1,0
9,"Install pump 025 at Unit 2 completed, 50%.",ROT-L6-025,ROT-L6-074,Install pump 074,rotating_equipment,Unit 2,0,0.0,0.6666666666666666,0.6742901802062988,1.0,0.94,0.5344581923484801,12,0.3078997361564636,0.8423579285049437,0.5662444472312926,0.2761134812736511,0,1,0
9,"Install pump 025 at Unit 2 completed, 50%.",ROT-L6-025,ROT-L6-102,Install pump 102,rotating_equipment,Unit 2,0,0.0,0.6666666666666666,0.6719133853912354,1.0,0.94,0.5338996455669401,13,0.3084582829380036,0.8423579285049437,0.5662444472312926,0.2761134812736511,0,1,0
9,"Install pump 025 at Unit 2 completed, 50%.",ROT-L6-025,ROT-L6-004,Install pump 004,rotating_equipment,Unit 2,0,0.0,0.6666666666666666,0.6631282567977905,1.0,0.94,0.5318351403474807,14,0.31052278815746304,0.8423579285049437,0.5662444472312926,0.2761134812736511,0,1,0
9,"Install pump 025 at Unit 2 completed, 50%.",ROT-L6-025,ROT-L6-095,Install pump 095,rotating_equipment,Unit 2,0,0.0,0.6666666666666666,0.6584570407867432,1.0,0.94,0.5307374045848845,15,0.31162052392005923,0.8423579285049437,0.5662444472312926,0.2761134812736511,0,1,0
9,"Install pump 025 at Unit 2 completed, 50%.",ROT-L6-025,ROT-L6-039,Install pump 039,rotating_equipment,Unit 2,0,0.0,0.6666666666666666,0.6520320177078247,1.0,0.94,0.5292275241613387,16,0.31313040434360506,0.8423579285049437,0.5662444472312926,0.2761134812736511,0,1,0
9,"Install pump 025 at Unit 2 completed, 50%.",ROT-L6-025,ROT-L6-060,Install pump 060,rotating_equipment,Unit 2,0,0.0,0.6666666666666666,0.6516937613487244,1.0,0.94,0.5291480339169501,17,0.31320989458799364,0.8423579285049437,0.5662444472312926,0.2761134812736511,0,1,0
9,"Install pump 025 at Unit 2 completed, 50%.",ROT-L6-025,ROT-L6-249,Install pump 249,rotating_equipment,Unit 2,0,0.0,0.6666666666666666,0.6321932077407837,1.0,0.94,0.524565403819084,18,0.3177925246858597,0.8423579285049437,0.5662444472312926,0.2761134812736511,0,1,0
9,"Install pump 025 at Unit 2 completed, 50%.",ROT-L6-025,ROT-L6-067,Install pump 067,rotating_equipment,Unit 2,0,0.0,0.6666666666666666,0.629976212978363,1.0,0.94,0.5240444100499152,19,0.31831351845502853,0.8423579285049437,0.5662444472312926,0.2761134812736511,0,1,0
9,"Install pump 025 at Unit 2 completed, 50%.",ROT-L6-025,ROT-L6-088,Install pump 088,rotating_equipment,Unit 2,0,0.0,0.6666666666666666,0.625078558921814,1.0,0.94,0.5228934613466262,20,0.31946446715831756,0.8423579285049437,0.5662444472312926,0.2761134812736511,0,1,0
10,"Safety inspection 028 at Site completed, 100%.",HSE-L6-028,HSE-L6-028,Safety inspection 028,hse,Site,1,0.82,1.0,0.8530442118644714,1.0,0.94,0.8547053897881507,1,0.0,0.8547053897881507,0.6257513523101806,0.22895403747797005,0,1,0
10,"Safety inspection 028 at Site completed, 100%.",HSE-L6-028,HSE-L6-021,Safety inspection 021,hse,Site,0,0.0,0.75,0.8530054092407227,1.0,1.0,0.6257513523101806,2,0.22895403747797005,0.8547053897881507,0.6257513523101806,0.22895403747797005,0,1,0
10,"Safety inspection 028 at Site completed, 100%.",HSE-L6-028,HSE-L6-161,Safety inspection 161,hse,Site,0,0.0,0.75,0.7764183282852173,1.0,1.0,0.6066045820713043,3,0.2481008077168464,0.8547053897881507,0.6257513523101806,0.22895403747797005,0,1,0
10,"Safety inspection 028 at Site completed, 100%.",HSE-L6-028,HSE-L6-014,Safety inspection 014,hse,Site,0,0.0,0.75,0.859706461429596,1.0,0.94,0.589781018435955,4,0.2649243713521957,0.8547053897881507,0.6257513523101806,0.22895403747797005,0,1,0
10,"Safety inspection 028 at Site completed, 100%.",HSE-L6-028,HSE-L6-049,Safety inspection 049,hse,Site,0,0.0,0.75,0.8444375395774841,1.0,0.94,0.5861928218007088,5,0.26851256798744194,0.8547053897881507,0.6257513523101806,0.22895403747797005,0,1,0
10,"Safety inspection 028 at Site completed, 100%.",HSE-L6-028,HSE-L6-007,Safety inspection 007,hse,Site,0,0.0,0.75,0.8395421504974365,1.0,0.94,0.5850424053668976,6,0.26966298442125314,0.8547053897881507,0.6257513523101806,0.22895403747797005,0,1,0
10,"Safety inspection 028 at Site completed, 100%.",HSE-L6-028,HSE-L6-042,Safety inspection 042,hse,Site,0,0.0,0.75,0.8392916917800903,1.0,0.94,0.5849835475683212,7,0.26972184221982953,0.8547053897881507,0.6257513523101806,0.22895403747797005,0,1,0
10,"Safety inspection 028 at Site completed, 100%.",HSE-L6-028,HSE-L6-035,Safety inspection 035,hse,Site,0,0.0,0.75,0.8340878486633301,1.0,0.94,0.5837606444358825,8,0.2709447453522682,0.8547053897881507,0.6257513523101806,0.22895403747797005,0,1,0
10,"Safety inspection 028 at Site completed, 100%.",HSE-L6-028,HSE-L6-203,Safety inspection 203,hse,Site,0,0.0,0.75,0.8320393562316895,1.0,0.94,0.5832792487144469,9,0.2714261410737038,0.8547053897881507,0.6257513523101806,0.22895403747797005,0,1,0
10,"Safety inspection 028 at Site completed, 100%.",HSE-L6-028,HSE-L6-105,Safety inspection 105,hse,Site,0,0.0,0.75,0.8299591541290283,1.0,0.94,0.5827904012203216,10,0.27191498856782914,0.8547053897881507,0.6257513523101806,0.22895403747797005,0,1,0
10,"Safety inspection 028 at Site completed, 100%.",HSE-L6-028,HSE-L6-070,Safety inspection 070,hse,Site,0,0.0,0.75,0.8297116756439209,1.0,0.94,0.5827322437763214,11,0.2719731460118293,0.8547053897881507,0.6257513523101806,0.22895403747797005,0,1,0
10,"Safety inspection 028 at Site completed, 100%.",HSE-L6-028,HSE-L6-112,Safety inspection 112,hse,Site,0,0.0,0.75,0.8275085687637329,1.0,0.94,0.5822145136594772,12,0.2724908761286735,0.8547053897881507,0.6257513523101806,0.22895403747797005,0,1,0
10,"Safety inspection 028 at Site completed, 100%.",HSE-L6-028,HSE-L6-084,Safety inspection 084,hse,Site,0,0.0,0.75,0.8270578980445862,1.0,0.94,0.5821086060404776,13,0.27259678374767304,0.8547053897881507,0.6257513523101806,0.22895403747797005,0,1,0
10,"Safety inspection 028 at Site completed, 100%.",HSE-L6-028,HSE-L6-056,Safety inspection 056,hse,Site,0,0.0,0.75,0.8257222175598145,1.0,0.94,0.5817947211265564,14,0.2729106686615943,0.8547053897881507,0.6257513523101806,0.22895403747797005,0,1,0
10,"Safety inspection 028 at Site completed, 100%.",HSE-L6-028,HSE-L6-091,Safety inspection 091,hse,Site,0,0.0,0.75,0.8255369067192078,1.0,0.94,0.5817511730790138,15,0.2729542167091369,0.8547053897881507,0.6257513523101806,0.22895403747797005,0,1,0
10,"Safety inspection 028 at Site completed, 100%.",HSE-L6-028,HSE-L6-210,Safety inspection 210,hse,Site,0,0.0,0.75,0.8234398365020752,1.0,0.94,0.5812583615779876,16,0.2734470282101631,0.8547053897881507,0.6257513523101806,0.22895403747797005,0,1,0
10,"Safety inspection 028 at Site completed, 100%.",HSE-L6-028,HSE-L6-063,Safety inspection 063,hse,Site,0,0.0,0.75,0.8227808475494385,1.0,0.94,0.581103499174118,17,0.27360189061403273,0.8547053897881507,0.6257513523101806,0.22895403747797005,0,1,0
10,"Safety inspection 028 at Site completed, 100%.",HSE-L6-028,HSE-L6-098,Safety inspection 098,hse,Site,0,0.0,0.75,0.8224022388458252,1.0,0.94,0.5810145261287689,18,0.2736908636593818,0.8547053897881507,0.6257513523101806,0.22895403747797005,0,1,0
10,"Safety inspection 028 at Site completed, 100%.",HSE-L6-028,HSE-L6-196,Safety inspection 196,hse,Site,0,0.0,0.75,0.8200711607933044,1.0,0.94,0.5804667227864265,19,0.27423866700172417,0.8547053897881507,0.6257513523101806,0.22895403747797005,0,1,0
10,"Safety inspection 028 at Site completed, 100%.",HSE-L6-028,HSE-L6-168,Safety inspection 168,hse,Site,0,0.0,0.75,0.8192009925842285,1.0,0.94,0.5802622332572936,20,0.27444315653085705,0.8547053897881507,0.6257513523101806,0.22895403747797005,0,1,0
11,"Unknown work package ZZ-010 at offshore platform, 20%.",,STA-L6-010,Erect vessel 010,static_equipment,Unit 2,0,0.82,0.3333333333333333,0.3068940043449402,0.5,0.94,0.4913600910210609,1,0.0,0.4913600910210609,0.3053992191250895,0.18596087189597138,0,0,0
11,"Unknown work package ZZ-010 at offshore platform, 20%.",,CIV-L6-001,Foundation 001,civil,Area A,0,0.0,0.19718309859154928,0.5032870173454285,0.5,1.0,0.3053992191250895,2,0.18596087189597138,0.4913600910210609,0.3053992191250895,0.18596087189597138,0,0,0
11,"Unknown work package ZZ-010 at offshore platform, 20%.",,CIV-L6-015,Foundation 015,civil,Area A,0,0.0,0.16901408450704225,0.5242452621459961,0.5,0.94,0.288028622519802,3,0.20333146850125888,0.4913600910210609,0.3053992191250895,0.18596087189597138,0,0,0
11,"Unknown work package ZZ-010 at offshore platform, 20%.",,CIV-L6-008,Foundation 008,civil,Area A,0,0.0,0.16901408450704225,0.5001139640808105,0.5,0.94,0.28235776747448343,4,0.20900232354657744,0.4913600910210609,0.3053992191250895,0.18596087189597138,0,0,0
11,"Unknown work package ZZ-010 at offshore platform, 20%.",,CIV-L6-022,Foundation 022,civil,Area A,0,0.0,0.16901408450704225,0.4945884346961975,0.5,0.94,0.28105926806909937,5,0.2103008229519615,0.4913600910210609,0.3053992191250895,0.18596087189597138,0,0,0
11,"Unknown work package ZZ-010 at offshore platform, 20%.",,CIV-L6-092,Foundation 092,civil,Area A,0,0.0,0.16901408450704225,0.493156373500824,0.5,0.94,0.28072273368818657,6,0.2106373573328743,0.4913600910210609,0.3053992191250895,0.18596087189597138,0,0,0
11,"Unknown work package ZZ-010 at offshore platform, 20%.",,CIV-L6-071,Foundation 071,civil,Area A,0,0.0,0.16901408450704225,0.4928467869758606,0.5,0.94,0.2806499808548202,7,0.2107101101662407,0.4913600910210609,0.3053992191250895,0.18596087189597138,0,0,0
11,"Unknown work package ZZ-010 at offshore platform, 20%.",,CIV-L6-029,Foundation 029,civil,Area A,0,0.0,0.16901408450704225,0.49211812019348145,0.5,0.94,0.2804787441609611,8,0.2108813468600998,0.4913600910210609,0.3053992191250895,0.18596087189597138,0,0,0
11,"Unknown work package ZZ-010 at offshore platform, 20%.",,CIV-L6-050,Foundation 050,civil,Area A,0,0.0,0.16901408450704225,0.4794497787952423,0.5,0.94,0.2775016839323749,9,0.21385840708868598,0.4913600910210609,0.3053992191250895,0.18596087189597138,0,0,0
11,"Unknown work package ZZ-010 at offshore platform, 20%.",,CIV-L6-078,Foundation 078,civil,Area A,0,0.0,0.14084507042253522,0.4908806383609772,0.5,0.94,0.27621610494440707,10,0.2151439860766538,0.4913600910210609,0.3053992191250895,0.18596087189597138,0,0,0
11,"Unknown work package ZZ-010 at offshore platform, 20%.",,HSE-L6-021,Safety inspection 021,hse,Site,0,0.0,0.12987012987012986,0.42693838477134705,0.5,1.0,0.2762151156733562,11,0.21514497534770466,0.4913600910210609,0.3053992191250895,0.18596087189597138,0,0,0
11,"Unknown work package ZZ-010 at offshore platform, 20%.",,CIV-L6-085,Foundation 085,civil,Area A,0,0.0,0.14084507042253522,0.4877021014690399,0.5,0.94,0.27546914877480183,12,0.21589094224625904,0.4913600910210609,0.3053992191250895,0.18596087189597138,0,0,0
11,"Unknown work package ZZ-010 at offshore platform, 20%.",,CIV-L6-036,Foundation 036,civil,Area A,0,0.0,0.14084507042253522,0.48599788546562195,0.5,0.94,0.2750686580139986,13,0.21629143300706227,0.4913600910210609,0.3053992191250895,0.18596087189597138,0,0,0
11,"Unknown work package ZZ-010 at offshore platform, 20%.",,CIV-L6-204,Foundation 204,civil,Area A,0,0.0,0.16901408450704225,0.4615563154220581,0.5,0.94,0.2732967200396766,14,0.21806337098138429,0.4913600910210609,0.3053992191250895,0.18596087189597138,0,0,0
11,"Unknown work package ZZ-010 at offshore platform, 20%.",,CIV-L6-064,Foundation 064,civil,Area A,0,0.0,0.14084507042253522,0.4749593734741211,0.5,0.94,0.2724746076959959,15,0.21888548332506497,0.4913600910210609,0.3053992191250895,0.18596087189597138,0,0,0
11,"Unknown work package ZZ-010 at offshore platform, 20%.",,CIV-L6-043,Foundation 043,civil,Area A,0,0.0,0.14084507042253522,0.4741034507751465,0.5,0.94,0.27227346586173684,16,0.21908662515932403,0.4913600910210609,0.3053992191250895,0.18596087189597138,0,0,0
11,"Unknown work package ZZ-010 at offshore platform, 20%.",,CIV-L6-099,Foundation 099,civil,Area A,0,0.0,0.14084507042253522,0.4719158709049225,0.5,0.94,0.27175938459223425,17,0.21960070642882662,0.4913600910210609,0.3053992191250895,0.18596087189597138,0,0,0
11,"Unknown work package ZZ-010 at offshore platform, 20%.",,CIV-L6-057,Foundation 057,civil,Area A,0,0.0,0.14084507042253522,0.4602552652359009,0.5,0.94,0.26901914226001417,18,0.2223409487610467,0.4913600910210609,0.3053992191250895,0.18596087189597138,0,0,0
11,"Unknown work package ZZ-010 at offshore platform, 20%.",,CIV-L6-225,Foundation 225,civil,Area A,0,0.0,0.14084507042253522,0.45418113470077515,0.5,0.94,0.2675917215842596,19,0.22376836943680128,0.4913600910210609,0.3053992191250895,0.18596087189597138,0,0,0
11,"Unknown work package ZZ-010 at offshore platform, 20%.",,CIV-L6-260,Foundation 260,civil,Area A,0,0.0,0.16901408450704225,0.4355957508087158,0.5,0.94,0.2671959873555412,20,0.2241641036655197,0.4913600910210609,0.3053992191250895,0.18596087189597138,0,0,0
12,"Calibrate transmitter 034 at Unit 2 completed, 100%.",INS-L6-034,INS-L6-034,Calibrate transmitter 034,instrumentation,Unit 2,1,0.82,1.0,0.8696449995040894,1.0,0.94,0.8586065748834609,1,0.0,0.8586065748834609,0.6117573469877242,0.2468492278957367,0,1,0
12,"Calibrate transmitter 034 at Unit 2 completed, 100%.",INS-L6-034,INS-L6-041,Calibrate transmitter 041,instrumentation,Unit 2,0,0.0,0.6666666666666666,0.8470293879508972,1.0,1.0,0.6117573469877242,2,0.2468492278957367,0.8586065748834609,0.6117573469877242,0.2468492278957367,0,1,0
12,"Calibrate transmitter 034 at Unit 2 completed, 100%.",INS-L6-034,INS-L6-181,Calibrate transmitter 181,instrumentation,Unit 2,0,0.0,0.6666666666666666,0.7663291096687317,1.0,1.0,0.5915822774171828,3,0.2670242974662781,0.8586065748834609,0.6117573469877242,0.2468492278957367,0,1,0
12,"Calibrate transmitter 034 at Unit 2 completed, 100%.",INS-L6-034,INS-L6-020,Calibrate transmitter 020,instrumentation,Unit 2,0,0.0,0.6666666666666666,0.8531126976013184,1.0,0.94,0.5764814839363097,4,0.2821250909471512,0.8586065748834609,0.6117573469877242,0.2468492278957367,0,1,0
12,"Calibrate transmitter 034 at Unit 2 completed, 100%.",INS-L6-034,INS-L6-013,Calibrate transmitter 013,instrumentation,Unit 2,0,0.0,0.6666666666666666,0.8517118692398071,1.0,0.94,0.5761522892713545,5,0.2824542856121064,0.8586065748834609,0.6117573469877242,0.2468492278957367,0,1,0
12,"Calibrate transmitter 034 at Unit 2 completed, 100%.",INS-L6-034,INS-L6-027,Calibrate transmitter 027,instrumentation,Unit 2,0,0.0,0.6666666666666666,0.8456559777259827,1.0,0.94,0.5747291547656058,6,0.2838774201178551,0.8586065748834609,0.6117573469877242,0.2468492278957367,0,1,0
12,"Calibrate transmitter 034 at Unit 2 completed, 100%.",INS-L6-034,INS-L6-237,Calibrate transmitter 237,instrumentation,Unit 2,0,0.0,0.6666666666666666,0.8366461992263794,1.0,0.94,0.572611856818199,7,0.2859947180652619,0.8586065748834609,0.6117573469877242,0.2468492278957367,0,1,0
12,"Calibrate transmitter 034 at Unit 2 completed, 100%.",INS-L6-034,INS-L6-048,Calibrate transmitter 048,instrumentation,Unit 2,0,0.0,0.6666666666666666,0.8294208645820618,1.0,0.94,0.5709139031767844,8,0.28769267170667656,0.8586065748834609,0.6117573469877242,0.2468492278957367,0,1,0
12,"Calibrate transmitter 034 at Unit 2 completed, 100%.",INS-L6-034,INS-L6-062,Calibrate transmitter 062,instrumentation,Unit 2,0,0.0,0.6666666666666666,0.8246637582778931,1.0,0.94,0.5697959831953048,9,0.28881059168815615,0.8586065748834609,0.6117573469877242,0.2468492278957367,0,1,0
12,"Calibrate transmitter 034 at Unit 2 completed, 100%.",INS-L6-034,INS-L6-104,Calibrate transmitter 104,instrumentation,Unit 2,0,0.0,0.6666666666666666,0.8216120004653931,1.0,0.94,0.5690788201093673,10,0.28952775477409365,0.8586065748834609,0.6117573469877242,0.2468492278957367,0,1,0
12,"Calibrate transmitter 034 at Unit 2 completed, 100%.",INS-L6-034,INS-L6-202,Calibrate transmitter 202,instrumentation,Unit 2,0,0.0,0.6666666666666666,0.8138047456741333,1.0,0.94,0.5672441152334212,11,0.2913624596500397,0.8586065748834609,0.6117573469877242,0.2468492278957367,0,1,0
12,"Calibrate transmitter 034 at Unit 2 completed, 100%.",INS-L6-034,INS-L6-069,Calibrate transmitter 069,instrumentation,Unit 2,0,0.0,0.6666666666666666,0.810146689414978,1.0,0.94,0.5663844720125197,12,0.2922221028709412,0.8586065748834609,0.6117573469877242,0.2468492278957367,0,1,0
12,"Calibrate transmitter 034 at Unit 2 completed, 100%.",INS-L6-034,INS-L6-076,Calibrate transmitter 076,instrumentation,Unit 2,0,0.0,0.6666666666666666,0.8094659447669983,1.0,0.94,0.5662244970202445,13,0.29238207786321646,0.8586065748834609,0.6117573469877242,0.2468492278957367,0,1,0
12,"Calibrate transmitter 034 at Unit 2 completed, 100%.",INS-L6-034,INS-L6-006,Calibrate transmitter 006,instrumentation,Unit 2,0,0.0,0.6666666666666666,0.8083178997039795,1.0,0.94,0.5659547064304351,14,0.2926518684530258,0.8586065748834609,0.6117573469877242,0.2468492278957367,0,1,0
12,"Calibrate transmitter 034 at Unit 2 completed, 100%.",INS-L6-034,INS-L6-083,Calibrate transmitter 083,instrumentation,Unit 2,0,0.0,0.6666666666666666,0.7979748249053955,1.0,0.94,0.5635240838527679,15,0.29508249103069306,0.8586065748834609,0.6117573469877242,0.2468492278957367,0,1,0
12,"Calibrate transmitter 034 at Unit 2 completed, 100%.",INS-L6-034,INS-L6-195,Calibrate transmitter 195,instrumentation,Unit 2,0,0.0,0.6666666666666666,0.7968242168426514,1.0,0.94,0.5632536909580229,16,0.295352883925438,0.8586065748834609,0.6117573469877242,0.2468492278957367,0,1,0
12,"Calibrate transmitter 034 at Unit 2 completed, 100%.",INS-L6-034,INS-L6-244,Calibrate transmitter 244,instrumentation,Unit 2,0,0.0,0.6666666666666666,0.7945520877838135,1.0,0.94,0.562719740629196,17,0.2958868342542649,0.8586065748834609,0.6117573469877242,0.2468492278957367,0,1,0
12,"Calibrate transmitter 034 at Unit 2 completed, 100%.",INS-L6-034,INS-L6-160,Calibrate transmitter 160,instrumentation,Unit 2,0,0.0,0.6666666666666666,0.7938185930252075,1.0,0.94,0.5625473693609236,18,0.2960592055225373,0.8586065748834609,0.6117573469877242,0.2468492278957367,0,1,0
12,"Calibrate transmitter 034 at Unit 2 completed, 100%.",INS-L6-034,INS-L6-090,Calibrate transmitter 090,instrumentation,Unit 2,0,0.0,0.6666666666666666,0.7871553897857666,1.0,0.94,0.560981516599655,19,0.2976250582838059,0.8586065748834609,0.6117573469877242,0.2468492278957367,0,1,0
12,"Calibrate transmitter 034 at Unit 2 completed, 100%.",INS-L6-034,INS-L6-055,Calibrate transmitter 055,instrumentation,Unit 2,0,0.0,0.6666666666666666,0.7866010069847107,1.0,0.94,0.5608512366414069,20,0.297755338242054,0.8586065748834609,0.6117573469877242,0.2468492278957367,0,1,0
13,"Erect line 037 at R03 completed, 50%.",PIP-L6-037,PIP-L6-037,Erect line 037,piping,R03,1,0.82,1.0,0.7862873077392578,1.0,0.94,0.8390175173187255,1,0.0,0.8390175173187255,0.5692396104335784,0.26977790688514713,0,1,1
13,"Erect line 037 at R03 completed, 50%.",PIP-L6-037,PIP-L6-261,Erect line 261,piping,R03,0,0.0,0.6666666666666666,0.676958441734314,1.0,1.0,0.5692396104335784,2,0.26977790688514713,0.8390175173187255,0.5692396104335784,0.26977790688514713,0,1,1
13,"Erect line 037 at R03 completed, 50%.",PIP-L6-037,PIP-L6-121,Erect line 121,piping,R03,0,0.0,0.6666666666666666,0.6466920375823975,1.0,1.0,0.5616730093955993,3,0.27734450792312626,0.8390175173187255,0.5692396104335784,0.26977790688514713,0,1,1
13,"Erect line 037 at R03 completed, 50%.",PIP-L6-037,PIP-L6-030,Erect line 030,piping,R03,0,0.0,0.6666666666666666,0.778066098690033,1.0,0.94,0.5588455331921577,4,0.28017198412656785,0.8390175173187255,0.5692396104335784,0.26977790688514713,0,1,1
13,"Erect line 037 at R03 completed, 50%.",PIP-L6-037,PIP-L6-051,Erect line 051,piping,R03,0,0.0,0.6666666666666666,0.7645500302314758,1.0,0.94,0.5556692571043967,5,0.2833482602143288,0.8390175173187255,0.5692396104335784,0.26977790688514713,0,1,1
13,"Erect line 037 at R03 completed, 50%.",PIP-L6-037,PIP-L6-016,Erect line 016,piping,R03,0,0.0,0.6666666666666666,0.7556849718093872,1.0,0.94,0.5535859683752059,6,0.28543154894351963,0.8390175173187255,0.5692396104335784,0.26977790688514713,0,1,1
13,"Erect line 037 at R03 completed, 50%.",PIP-L6-037,PIP-L6-023,Erect line 023,piping,R03,0,0.0,0.6666666666666666,0.754581868648529,1.0,0.94,0.5533267391324043,7,0.28569077818632127,0.8390175173187255,0.5692396104335784,0.26977790688514713,0,1,1
13,"Erect line 037 at R03 completed, 50%.",PIP-L6-037,PIP-L6-072,Erect line 072,piping,R03,0,0.0,0.6666666666666666,0.752873957157135,1.0,0.94,0.5529253799319266,8,0.28609213738679895,0.8390175173187255,0.5692396104335784,0.26977790688514713,0,1,1
13,"Erect line 037 at R03 completed, 50%.",PIP-L6-037,PIP-L6-044,Erect line 044,piping,R03,0,0.0,0.6666666666666666,0.7527725696563721,1.0,0.94,0.5529015538692473,9,0.2861159634494782,0.8390175173187255,0.5692396104335784,0.26977790688514713,0,1,1
13,"Erect line 037 at R03 completed, 50%.",PIP-L6-037,PIP-L6-093,Erect line 093,piping,R03,0,0.0,0.6666666666666666,0.7434982061386108,1.0,0.94,0.5507220784425735,10,0.28829543887615205,0.8390175173187255,0.5692396104335784,0.26977790688514713,0,1,1
13,"Erect line 037 at R03 completed, 50%.",PIP-L6-037,PIP-L6-058,Erect line 058,piping,R03,0,0.0,0.6666666666666666,0.7379319667816162,1.0,0.94,0.5494140121936797,11,0.28960350512504585,0.8390175173187255,0.5692396104335784,0.26977790688514713,0,1,1
13,"Erect line 037 at R03 completed, 50%.",PIP-L6-037,PIP-L6-065,Erect line 065,piping,R03,0,0.0,0.6666666666666666,0.7340325713157654,1.0,0.94,0.5484976542592047,12,0.2905198630595208,0.8390175173187255,0.5692396104335784,0.26977790688514713,0,1,1
13,"Erect line 037 at R03 completed, 50%.",PIP-L6-037,PIP-L6-233,Erect line 233,piping,R03,0,0.0,0.6666666666666666,0.7305090427398682,1.0,0.94,0.547669625043869,13,0.2913478922748566,0.8390175173187255,0.5692396104335784,0.26977790688514713,0,1,1
13,"Erect line 037 at R03 completed, 50%.",PIP-L6-037,PIP-L6-079,Erect line 079,piping,R03,0,0.0,0.6666666666666666,0.725173830986023,1.0,0.94,0.5464158502817152,14,0.2926016670370103,0.8390175173187255,0.5692396104335784,0.26977790688514713,0,1,1
13,"Erect line 037 at R03 completed, 50%.",PIP-L6-037,PIP-L6-247,Erect line 247,piping,R03,0,0.0,0.6666666666666666,0.7242592573165894,1.0,0.94,0.5462009254693984,15,0.2928165918493272,0.8390175173187255,0.5692396104335784,0.26977790688514713,0,1,1
13,"Erect line 037 at R03 completed, 50%.",PIP-L6-037,PIP-L6-275,Erect line 275,piping,R03,0,0.0,0.6666666666666666,0.7207340598106384,1.0,0.94,0.5453725040554999,16,0.2936450132632257,0.8390175173187255,0.5692396104335784,0.26977790688514713,0,1,1
13,"Erect line 037 at R03 completed, 50%.",PIP-L6-037,PIP-L6-002,Erect line 002,piping,R03,0,0.0,0.6666666666666666,0.7190151214599609,1.0,0.94,0.5449685535430907,17,0.29404896377563483,0.8390175173187255,0.5692396104335784,0.26977790688514713,0,1,1
13,"Erect line 037 at R03 completed, 50%.",PIP-L6-037,PIP-L6-149,Erect line 149,piping,R03,0,0.0,0.6666666666666666,0.7168998718261719,1.0,0.94,0.5444714698791503,18,0.29454604743957524,0.8390175173187255,0.5692396104335784,0.26977790688514713,0,1,1
13,"Erect line 037 at R03 completed, 50%.",PIP-L6-037,PIP-L6-086,Erect line 086,piping,R03,0,0.0,0.6666666666666666,0.7158144116401672,1.0,0.94,0.5442163867354392,19,0.2948011305832864,0.8390175173187255,0.5692396104335784,0.26977790688514713,0,1,1
13,"Erect line 037 at R03 completed, 50%.",PIP-L6-037,PIP-L6-205,Erect line 205,piping,R03,0,0.0,0.6666666666666666,0.7080867290496826,1.0,0.94,0.5424003813266753,20,0.2966171359920502,0.8390175173187255,0.5692396104335784,0.26977790688514713,0,1,1
14,"Install cable tray 040 at R03 completed, 100%.",ELE-L6-040,ELE-L6-040,Install cable tray 040,electrical,R03,1,0.82,1.0,0.9088723063468933,1.0,0.94,0.8678249919915199,1,0.0,0.8678249919915199,0.620756721496582,0.24706827049493785,0,1,1
14,"Install cable tray 040 at R03 completed, 100%.",ELE-L6-040,ELE-L6-061,Install cable tray 061,electrical,R03,0,0.0,0.75,0.8330268859863281,1.0,1.0,0.620756721496582,2,0.24706827049493785,0.8678249919915199,0.620756721496582,0.24706827049493785,0,1,1
14,"Install cable tray 040 at R03 completed, 100%.",ELE-L6-040,ELE-L6-201,Install cable tray 201,electrical,R03,0,0.0,0.75,0.8219281435012817,1.0,1.0,0.6179820358753204,3,0.24984295611619944,0.8678249919915199,0.620756721496582,0.24706827049493785,0,1,1
14,"Install cable tray 040 at R03 completed, 100%.",ELE-L6-040,ELE-L6-019,Install cable tray 019,electrical,R03,0,0.0,0.75,0.8632712364196777,1.0,0.94,0.5906187405586242,4,0.2772062514328957,0.8678249919915199,0.620756721496582,0.24706827049493785,0,1,1
14,"Install cable tray 040 at R03 completed, 100%.",ELE-L6-040,ELE-L6-026,Install cable tray 026,electrical,R03,0,0.0,0.75,0.8605351448059082,1.0,0.94,0.5899757590293884,5,0.2778492329621315,0.8678249919915199,0.620756721496582,0.24706827049493785,0,1,1
14,"Install cable tray 040 at R03 completed, 100%.",ELE-L6-040,ELE-L6-012,Install cable tray 012,electrical,R03,0,0.0,0.75,0.8538235425949097,1.0,0.94,0.5883985325098037,6,0.2794264594817162,0.8678249919915199,0.620756721496582,0.24706827049493785,0,1,1
14,"Install cable tray 040 at R03 completed, 100%.",ELE-L6-040,ELE-L6-033,Install cable tray 033,electrical,R03,0,0.0,0.75,0.8534685969352722,1.0,0.94,0.5883151202797889,7,0.2795098717117309,0.8678249919915199,0.620756721496582,0.24706827049493785,0,1,1
14,"Install cable tray 040 at R03 completed, 100%.",ELE-L6-040,ELE-L6-047,Install cable tray 047,electrical,R03,0,0.0,0.75,0.8523433208465576,1.0,0.94,0.588050680398941,8,0.2797743115925788,0.8678249919915199,0.620756721496582,0.24706827049493785,0,1,1
14,"Install cable tray 040 at R03 completed, 100%.",ELE-L6-040,ELE-L6-103,Install cable tray 103,electrical,R03,0,0.0,0.75,0.8436046838760376,1.0,0.94,0.5859971007108687,9,0.2818278912806511,0.8678249919915199,0.620756721496582,0.24706827049493785,0,1,1
14,"Install cable tray 040 at R03 completed, 100%.",ELE-L6-040,ELE-L6-054,Install cable tray 054,electrical,R03,0,0.0,0.75,0.8360750079154968,1.0,0.94,0.5842276268601417,10,0.2835973651313781,0.8678249919915199,0.620756721496582,0.24706827049493785,0,1,1
14,"Install cable tray 040 at R03 completed, 100%.",ELE-L6-040,ELE-L6-096,Install cable tray 096,electrical,R03,0,0.0,0.75,0.8297092318534851,1.0,0.94,0.582731669485569,11,0.2850933225059509,0.8678249919915199,0.620756721496582,0.24706827049493785,0,1,1
14,"Install cable tray 040 at R03 completed, 100%.",ELE-L6-040,ELE-L6-089,Install cable tray 089,electrical,R03,0,0.0,0.75,0.8256243467330933,1.0,0.94,0.5817717214822768,12,0.286053270509243,0.8678249919915199,0.620756721496582,0.24706827049493785,0,1,1
14,"Install cable tray 040 at R03 completed, 100%.",ELE-L6-040,ELE-L6-075,Install cable tray 075,electrical,R03,0,0.0,0.75,0.8220410943031311,1.0,0.94,0.5809296571612358,13,0.28689533483028407,0.8678249919915199,0.620756721496582,0.24706827049493785,0,1,1
14,"Install cable tray 040 at R03 completed, 100%.",ELE-L6-040,ELE-L6-068,Install cable tray 068,electrical,R03,0,0.0,0.75,0.8201977610588074,1.0,0.94,0.5804964738488196,14,0.2873285181427002,0.8678249919915199,0.620756721496582,0.24706827049493785,0,1,1
14,"Install cable tray 040 at R03 completed, 100%.",ELE-L6-040,ELE-L6-005,Install cable tray 005,electrical,R03,0,0.0,0.75,0.8190609812736511,1.0,0.94,0.5802293305993079,15,0.28759566139221193,0.8678249919915199,0.620756721496582,0.24706827049493785,0,1,1
14,"Install cable tray 040 at R03 completed, 100%.",ELE-L6-040,ELE-L6-110,Install cable tray 110,electrical,R03,0,0.0,0.75,0.8145760297775269,1.0,0.94,0.5791753669977188,16,0.2886496249938011,0.8678249919915199,0.620756721496582,0.24706827049493785,0,1,1
14,"Install cable tray 040 at R03 completed, 100%.",ELE-L6-040,ELE-L6-082,Install cable tray 082,electrical,R03,0,0.0,0.75,0.8095086216926575,1.0,0.94,0.5779845260977744,17,0.28984046589374546,0.8678249919915199,0.620756721496582,0.24706827049493785,0,1,1
14,"Install cable tray 040 at R03 completed, 100%.",ELE-L6-040,ELE-L6-159,Install cable tray 159,electrical,R03,0,0.0,0.75,0.8023375272750854,1.0,0.94,0.576299318909645,18,0.2915256730818748,0.8678249919915199,0.620756721496582,0.24706827049493785,0,1,1
14,"Install cable tray 040 at R03 completed, 100%.",ELE-L6-040,ELE-L6-236,Install cable tray 236,electrical,R03,0,0.0,0.75,0.8006934523582458,1.0,0.94,0.5759129613041877,19,0.2919120306873322,0.8678249919915199,0.620756721496582,0.24706827049493785,0,1,1
14,"Install cable tray 040 at R03 completed, 100%.",ELE-L6-040,ELE-L6-250,Install cable tray 250,electrical,R03,0,0.0,0.75,0.7997687458992004,1.0,0.94,0.5756956552863121,20,0.2921293367052078,0.8678249919915199,0.620756721496582,0.24706827049493785,0,1,1
15,"Foundation 043 at Area A completed, 50%.",CIV-L6-043,CIV-L6-043,Foundation 043,civil,Area A,1,0.82,1.0,0.6307699680328369,0.5,0.94,0.6614709424877165,1,0.0,0.6614709424877165,0.4128753215074539,0.24859562098026267,0,0,0
15,"Foundation 043 at Area A completed, 50%.",CIV-L6-043,CIV-L6-001,Foundation 001,civil,Area A,0,0.0,0.75,0.6015012860298157,0.5,1.0,0.4128753215074539,2,0.24859562098026267,0.6614709424877165,0.4128753215074539,0.24859562098026267,0,0,0
15,"Foundation 043 at Area A completed, 50%.",CIV-L6-043,CIV-L6-141,Foundation 141,civil,Area A,0,0.0,0.75,0.5750864148139954,0.5,1.0,0.4062716037034988,3,0.25519933878421774,0.6614709424877165,0.4128753215074539,0.24859562098026267,0,0,0
15,"Foundation 043 at Area A completed, 50%.",CIV-L6-043,CIV-L6-176,Foundation 176,civil,Area A,0,0.0,0.75,0.6493544578552246,0.5,0.94,0.39934829759597773,4,0.2621226448917388,0.6614709424877165,0.4128753215074539,0.24859562098026267,0,0,0
15,"Foundation 043 at Area A completed, 50%.",CIV-L6-043,CIV-L6-120,Foundation 120,civil,Area A,0,0.0,0.75,0.6424142122268677,0.5,0.94,0.3977173398733138,5,0.2637536026144027,0.6614709424877165,0.4128753215074539,0.24859562098026267,0,0,0
15,"Foundation 043 at Area A completed, 50%.",CIV-L6-043,CIV-L6-050,Foundation 050,civil,Area A,0,0.0,0.75,0.6332388520240784,0.5,0.94,0.39556113022565836,6,0.2659098122620582,0.6614709424877165,0.4128753215074539,0.24859562098026267,0,0,0
15,"Foundation 043 at Area A completed, 50%.",CIV-L6-043,CIV-L6-225,Foundation 225,civil,Area A,0,0.0,0.75,0.6288034319877625,0.5,0.94,0.3945188065171241,7,0.2669521359705924,0.6614709424877165,0.4128753215074539,0.24859562098026267,0,0,0
15,"Foundation 043 at Area A completed, 50%.",CIV-L6-043,CIV-L6-204,Foundation 204,civil,Area A,0,0.0,0.75,0.6179252862930298,0.5,0.94,0.39196244227886196,8,0.2695085002088546,0.6614709424877165,0.4128753215074539,0.24859562098026267,0,0,0
15,"Foundation 043 at Area A completed, 50%.",CIV-L6-043,CIV-L6-057,Foundation 057,civil,Area A,0,0.0,0.75,0.6166350841522217,0.5,0.94,0.391659244775772,9,0.2698116977119445,0.6614709424877165,0.4128753215074539,0.24859562098026267,0,0,0
15,"Foundation 043 at Area A completed, 50%.",CIV-L6-043,CIV-L6-015,Foundation 015,civil,Area A,0,0.0,0.75,0.615915834903717,0.5,0.94,0.3914902212023734,10,0.2699807212853431,0.6614709424877165,0.4128753215074539,0.24859562098026267,0,0,0
15,"Foundation 043 at Area A completed, 50%.",CIV-L6-043,CIV-L6-071,Foundation 071,civil,Area A,0,0.0,0.75,0.6069750785827637,0.5,0.94,0.3893891434669494,11,0.2720817990207671,0.6614709424877165,0.4128753215074539,0.24859562098026267,0,0,0
15,"Foundation 043 at Area A completed, 50%.",CIV-L6-043,CIV-L6-036,Foundation 036,civil,Area A,0,0.0,0.75,0.603759229183197,0.5,0.94,0.38863341885805125,12,0.2728375236296653,0.6614709424877165,0.4128753215074539,0.24859562098026267,0,0,0
15,"Foundation 043 at Area A completed, 50%.",CIV-L6-043,CIV-L6-211,Foundation 211,civil,Area A,0,0.0,0.75,0.6006054878234863,0.5,0.94,0.38789228963851924,13,0.2735786528491973,0.6614709424877165,0.4128753215074539,0.24859562098026267,0,0,0
15,"Foundation 043 at Area A completed, 50%.",CIV-L6-043,CIV-L6-022,Foundation 022,civil,Area A,0,0.0,0.75,0.6001765131950378,0.5,0.94,0.38779148060083385,14,0.2736794618868827,0.6614709424877165,0.4128753215074539,0.24859562098026267,0,0,0
15,"Foundation 043 at Area A completed, 50%.",CIV-L6-043,CIV-L6-085,Foundation 085,civil,Area A,0,0.0,0.75,0.5992363095283508,0.5,0.94,0.38757053273916237,15,0.2739004097485542,0.6614709424877165,0.4128753215074539,0.24859562098026267,0,0,0
15,"Foundation 043 at Area A completed, 50%.",CIV-L6-043,CIV-L6-078,Foundation 078,civil,Area A,0,0.0,0.75,0.5990785360336304,0.5,0.94,0.38753345596790306,16,0.2739374865198135,0.6614709424877165,0.4128753215074539,0.24859562098026267,0,0,0
15,"Foundation 043 at Area A completed, 50%.",CIV-L6-043,CIV-L6-092,Foundation 092,civil,Area A,0,0.0,0.75,0.5980173349380493,0.5,0.94,0.38728407371044155,17,0.274186868777275,0.6614709424877165,0.4128753215074539,0.24859562098026267,0,0,0
15,"Foundation 043 at Area A completed, 50%.",CIV-L6-043,CIV-L6-113,Foundation 113,civil,Area A,0,0.0,0.75,0.5921284556388855,0.5,0.94,0.385900187075138,18,0.2755707554125785,0.6614709424877165,0.4128753215074539,0.24859562098026267,0,0,0
15,"Foundation 043 at Area A completed, 50%.",CIV-L6-043,CIV-L6-008,Foundation 008,civil,Area A,0,0.0,0.75,0.592037558555603,0.5,0.94,0.38587882626056663,19,0.2755921162271499,0.6614709424877165,0.4128753215074539,0.24859562098026267,0,0,0
15,"Foundation 043 at Area A completed, 50%.",CIV-L6-043,CIV-L6-260,Foundation 260,civil,Area A,0,0.0,0.75,0.5915514826774597,0.5,0.94,0.38576459842920297,20,0.2757063440585136,0.6614709424877165,0.4128753215074539,0.24859562098026267,0,0,0
16,"Install pump 046 at Unit 2 completed, 100%.",ROT-L6-046,ROT-L6-046,Install pump 046,rotating_equipment,Unit 2,1,0.82,1.0,0.816444993019104,1.0,0.94,0.8461045733594893,1,0.0,0.8461045733594893,0.5652746945619582,0.2808298787975311,0,1,0
16,"Install pump 046 at Unit 2 completed, 100%.",ROT-L6-046,ROT-L6-081,Install pump 081,rotating_equipment,Unit 2,0,0.0,0.6666666666666666,0.6610987782478333,1.0,1.0,0.5652746945619582,2,0.2808298787975311,0.8461045733594893,0.5652746945619582,0.2808298787975311,0,1,0
16,"Install pump 046 at Unit 2 completed, 100%.",ROT-L6-046,ROT-L6-060,Install pump 060,rotating_equipment,Unit 2,0,0.0,0.6666666666666666,0.7665534019470215,1.0,0.94,0.5561400494575499,3,0.2899645239019394,0.8461045733594893,0.5652746945619582,0.2808298787975311,0,1,0
16,"Install pump 046 at Unit 2 completed, 100%.",ROT-L6-046,ROT-L6-221,Install pump 221,rotating_equipment,Unit 2,0,0.0,0.6666666666666666,0.5926027297973633,1.0,1.0,0.5481506824493407,4,0.29795389091014857,0.8461045733594893,0.5652746945619582,0.2808298787975311,0,1,0
16,"Install pump 046 at Unit 2 completed, 100%.",ROT-L6-046,ROT-L6-067,Install pump 067,rotating_equipment,Unit 2,0,0.0,0.6666666666666666,0.7244977951049805,1.0,0.94,0.5462569818496703,5,0.299847591509819,0.8461045733594893,0.5652746945619582,0.2808298787975311,0,1,0
16,"Install pump 046 at Unit 2 completed, 100%.",ROT-L6-046,ROT-L6-025,Install pump 025,rotating_equipment,Unit 2,0,0.0,0.6666666666666666,0.7134143114089966,1.0,0.94,0.5436523631811141,6,0.3024522101783752,0.8461045733594893,0.5652746945619582,0.2808298787975311,0,1,0
16,"Install pump 046 at Unit 2 completed, 100%.",ROT-L6-046,ROT-L6-074,Install pump 074,rotating_equipment,Unit 2,0,0.0,0.6666666666666666,0.7104010581970215,1.0,0.94,0.5429442486763,7,0.3031603246831893,0.8461045733594893,0.5652746945619582,0.2808298787975311,0,1,0
16,"Install pump 046 at Unit 2 completed, 100%.",ROT-L6-046,ROT-L6-032,Install pump 032,rotating_equipment,Unit 2,0,0.0,0.6666666666666666,0.7087355852127075,1.0,0.94,0.5425528625249861,8,0.30355171083450316,0.8461045733594893,0.5652746945619582,0.2808298787975311,0,1,0
16,"Install pump 046 at Unit 2 completed, 100%.",ROT-L6-046,ROT-L6-004,Install pump 004,rotating_equipment,Unit 2,0,0.0,0.6666666666666666,0.7044548392295837,1.0,0.94,0.541546887218952,9,0.30455768614053724,0.8461045733594893,0.5652746945619582,0.2808298787975311,0,1,0
16,"Install pump 046 at Unit 2 completed, 100%.",ROT-L6-046,ROT-L6-200,Install pump 200,rotating_equipment,Unit 2,0,0.0,0.6666666666666666,0.6891875267028809,1.0,0.94,0.5379590687751769,10,0.30814550458431245,0.8461045733594893,0.5652746945619582,0.2808298787975311,0,1,0
16,"Install pump 046 at Unit 2 completed, 100%.",ROT-L6-046,ROT-L6-039,Install pump 039,rotating_equipment,Unit 2,0,0.0,0.6666666666666666,0.6874080896377563,1.0,0.94,0.5375409010648726,11,0.3085636722946167,0.8461045733594893,0.5652746945619582,0.2808298787975311,0,1,0
16,"Install pump 046 at Unit 2 completed, 100%.",ROT-L6-046,ROT-L6-053,Install pump 053,rotating_equipment,Unit 2,0,0.0,0.6666666666666666,0.6735990047454834,1.0,0.94,0.5342957661151885,12,0.3118088072443008,0.8461045733594893,0.5652746945619582,0.2808298787975311,0,1,0
16,"Install pump 046 at Unit 2 completed, 100%.",ROT-L6-046,ROT-L6-011,Install pump 011,rotating_equipment,Unit 2,0,0.0,0.6666666666666666,0.6714194416999817,1.0,0.94,0.5337835687994956,13,0.3123210045599937,0.8461045733594893,0.5652746945619582,0.2808298787975311,0,1,0
16,"Install pump 046 at Unit 2 completed, 100%.",ROT-L6-046,ROT-L6-249,Install pump 249,rotating_equipment,Unit 2,0,0.0,0.6666666666666666,0.6712597012519836,1.0,0.94,0.533746029794216,14,0.31235854356527326,0.8461045733594893,0.5652746945619582,0.2808298787975311,0,1,0
16,"Install pump 046 at Unit 2 completed, 100%.",ROT-L6-046,ROT-L6-186,Install pump 186,rotating_equipment,Unit 2,0,0.0,0.6666666666666666,0.6707093715667725,1.0,0.94,0.5336167023181914,15,0.31248787104129794,0.8461045733594893,0.5652746945619582,0.2808298787975311,0,1,0
16,"Install pump 046 at Unit 2 completed, 100%.",ROT-L6-046,ROT-L6-018,Install pump 018,rotating_equipment,Unit 2,0,0.0,0.6666666666666666,0.656234622001648,1.0,0.94,0.5302151361703872,16,0.3158894371891021,0.8461045733594893,0.5652746945619582,0.2808298787975311,0,1,0
16,"Install pump 046 at Unit 2 completed, 100%.",ROT-L6-046,ROT-L6-242,Install pump 242,rotating_equipment,Unit 2,0,0.0,0.6666666666666666,0.6558225154876709,1.0,0.94,0.5301182911396025,17,0.3159862822198868,0.8461045733594893,0.5652746945619582,0.2808298787975311,0,1,0
16,"Install pump 046 at Unit 2 completed, 100%.",ROT-L6-046,ROT-L6-158,Install pump 158,rotating_equipment,Unit 2,0,0.0,0.6666666666666666,0.6549050807952881,1.0,0.94,0.5299026939868926,18,0.3162018793725967,0.8461045733594893,0.5652746945619582,0.2808298787975311,0,1,0
16,"Install pump 046 at Unit 2 completed, 100%.",ROT-L6-046,ROT-L6-095,Install pump 095,rotating_equipment,Unit 2,0,0.0,0.6666666666666666,0.6463100910186768,1.0,0.94,0.5278828713893889,19,0.31822170197010036,0.8461045733594893,0.5652746945619582,0.2808298787975311,0,1,0
16,"Install pump 046 at Unit 2 completed, 100%.",ROT-L6-046,ROT-L6-207,Install pump 207,rotating_equipment,Unit 2,0,0.0,0.6666666666666666,0.6401824951171875,1.0,0.94,0.526442886352539,20,0.3196616870069503,0.8461045733594893,0.5652746945619582,0.2808298787975311,0,1,0
17,"Safety inspection 049 at Site completed, 50%.",HSE-L6-049,HSE-L6-049,Safety inspection 049,hse,Site,1,0.82,1.0,0.8366518616676331,1.0,0.94,0.8508531874918936,1,0.0,0.8508531874918936,0.6076752007007599,0.24317798679113378,0,1,0
17,"Safety inspection 049 at Site completed, 50%.",HSE-L6-049,HSE-L6-021,Safety inspection 021,hse,Site,0,0.0,0.75,0.7807008028030396,1.0,1.0,0.6076752007007599,2,0.24317798679113378,0.8508531874918936,0.6076752007007599,0.24317798679113378,0,1,0
17,"Safety inspection 049 at Site completed, 50%.",HSE-L6-049,HSE-L6-161,Safety inspection 161,hse,Site,0,0.0,0.75,0.7320834994316101,1.0,1.0,0.5955208748579025,3,0.25533231263399114,0.8508531874918936,0.6076752007007599,0.24317798679113378,0,1,0
17,"Safety inspection 049 at Site completed, 50%.",HSE-L6-049,HSE-L6-042,Safety inspection 042,hse,Site,0,0.0,0.75,0.8303754329681396,1.0,0.94,0.5828882267475127,4,0.2679649607443809,0.8508531874918936,0.6076752007007599,0.24317798679113378,0,1,0
17,"Safety inspection 049 at Site completed, 50%.",HSE-L6-049,HSE-L6-014,Safety inspection 014,hse,Site,0,0.0,0.75,0.8023043870925903,1.0,0.94,0.5762915309667587,5,0.274561656525135,0.8508531874918936,0.6076752007007599,0.24317798679113378,0,1,0
17,"Safety inspection 049 at Site completed, 50%.",HSE-L6-049,HSE-L6-203,Safety inspection 203,hse,Site,0,0.0,0.75,0.7982960343360901,1.0,0.94,0.5753495680689811,6,0.27550361942291257,0.8508531874918936,0.6076752007007599,0.24317798679113378,0,1,0
17,"Safety inspection 049 at Site completed, 50%.",HSE-L6-049,HSE-L6-035,Safety inspection 035,hse,Site,0,0.0,0.75,0.7897828817367554,1.0,0.94,0.5733489772081375,7,0.27750421028375616,0.8508531874918936,0.6076752007007599,0.24317798679113378,0,1,0
17,"Safety inspection 049 at Site completed, 50%.",HSE-L6-049,HSE-L6-070,Safety inspection 070,hse,Site,0,0.0,0.75,0.7864313125610352,1.0,0.94,0.5725613584518432,8,0.27829182904005045,0.8508531874918936,0.6076752007007599,0.24317798679113378,0,1,0
17,"Safety inspection 049 at Site completed, 50%.",HSE-L6-049,HSE-L6-091,Safety inspection 091,hse,Site,0,0.0,0.75,0.7850968837738037,1.0,0.94,0.5722477676868438,9,0.2786054198050498,0.8508531874918936,0.6076752007007599,0.24317798679113378,0,1,0
17,"Safety inspection 049 at Site completed, 50%.",HSE-L6-049,HSE-L6-007,Safety inspection 007,hse,Site,0,0.0,0.75,0.783671498298645,1.0,0.94,0.5719128021001815,10,0.2789403853917122,0.8508531874918936,0.6076752007007599,0.24317798679113378,0,1,0
17,"Safety inspection 049 at Site completed, 50%.",HSE-L6-049,HSE-L6-056,Safety inspection 056,hse,Site,0,0.0,0.75,0.7827057838439941,1.0,0.94,0.5716858592033386,11,0.27916732828855506,0.8508531874918936,0.6076752007007599,0.24317798679113378,0,1,0
17,"Safety inspection 049 at Site completed, 50%.",HSE-L6-049,HSE-L6-077,Safety inspection 077,hse,Site,0,0.0,0.75,0.776714563369751,1.0,0.94,0.5702779223918915,12,0.2805752651000022,0.8508531874918936,0.6076752007007599,0.24317798679113378,0,1,0
17,"Safety inspection 049 at Site completed, 50%.",HSE-L6-049,HSE-L6-028,Safety inspection 028,hse,Site,0,0.0,0.75,0.7753602266311646,1.0,0.94,0.5699596532583237,13,0.28089353423357,0.8508531874918936,0.6076752007007599,0.24317798679113378,0,1,0
17,"Safety inspection 049 at Site completed, 50%.",HSE-L6-049,HSE-L6-140,Safety inspection 140,hse,Site,0,0.0,0.75,0.7749710083007812,1.0,0.94,0.5698681869506835,14,0.2809850005412101,0.8508531874918936,0.6076752007007599,0.24317798679113378,0,1,0
17,"Safety inspection 049 at Site completed, 50%.",HSE-L6-049,HSE-L6-231,Safety inspection 231,hse,Site,0,0.0,0.75,0.7745084762573242,1.0,0.94,0.5697594919204712,15,0.2810936955714225,0.8508531874918936,0.6076752007007599,0.24317798679113378,0,1,0
17,"Safety inspection 049 at Site completed, 50%.",HSE-L6-049,HSE-L6-063,Safety inspection 063,hse,Site,0,0.0,0.75,0.7737811803817749,1.0,0.94,0.569588577389717,16,0.2812646101021766,0.8508531874918936,0.6076752007007599,0.24317798679113378,0,1,0
17,"Safety inspection 049 at Site completed, 50%.",HSE-L6-049,HSE-L6-196,Safety inspection 196,hse,Site,0,0.0,0.75,0.7717055678367615,1.0,0.94,0.5691008084416389,17,0.28175237905025474,0.8508531874918936,0.6076752007007599,0.24317798679113378,0,1,0
17,"Safety inspection 049 at Site completed, 50%.",HSE-L6-049,HSE-L6-098,Safety inspection 098,hse,Site,0,0.0,0.75,0.7699588537216187,1.0,0.94,0.5686903306245803,18,0.28216285686731335,0.8508531874918936,0.6076752007007599,0.24317798679113378,0,1,0
17,"Safety inspection 049 at Site completed, 50%.",HSE-L6-049,HSE-L6-154,Safety inspection 154,hse,Site,0,0.0,0.75,0.7696486115455627,1.0,0.94,0.5686174237132072,19,0.2822357637786864,0.8508531874918936,0.6076752007007599,0.24317798679113378,0,1,0
17,"Safety inspection 049 at Site completed, 50%.",HSE-L6-049,HSE-L6-126,Safety inspection 126,hse,Site,0,0.0,0.75,0.7683184742927551,1.0,0.94,0.5683048414587974,20,0.2825483460330962,0.8508531874918936,0.6076752007007599,0.24317798679113378,0,1,0
18,"Erect vessel 052 at Unit 2 completed, 100%.",STA-L6-052,STA-L6-052,Erect vessel 052,static_equipment,Unit 2,1,0.82,1.0,0.8070736527442932,1.0,0.94,0.8439023083949088,1,0.0,0.8439023083949088,0.5750414371490478,0.268860871245861,0,1,0
18,"Erect vessel 052 at Unit 2 completed, 100%.",STA-L6-052,STA-L6-101,Erect vessel 101,static_equipment,Unit 2,0,0.0,0.6666666666666666,0.7001657485961914,1.0,1.0,0.5750414371490478,2,0.268860871245861,0.8439023083949088,0.5750414371490478,0.268860871245861,0,1,0
18,"Erect vessel 052 at Unit 2 completed, 100%.",STA-L6-052,STA-L6-241,Erect vessel 241,static_equipment,Unit 2,0,0.0,0.6666666666666666,0.6866157054901123,1.0,1.0,0.571653926372528,3,0.2722483820223808,0.8439023083949088,0.5750414371490478,0.268860871245861,0,1,0
18,"Erect vessel 052 at Unit 2 completed, 100%.",STA-L6-052,STA-L6-024,Erect vessel 024,static_equipment,Unit 2,0,0.0,0.6666666666666666,0.788744330406189,1.0,0.94,0.5613549176454543,4,0.28254739074945445,0.8439023083949088,0.5750414371490478,0.268860871245861,0,1,0
18,"Erect vessel 052 at Unit 2 completed, 100%.",STA-L6-052,STA-L6-059,Erect vessel 059,static_equipment,Unit 2,0,0.0,0.6666666666666666,0.7667359113693237,1.0,0.94,0.556182939171791,5,0.2877193692231178,0.8439023083949088,0.5750414371490478,0.268860871245861,0,1,0
18,"Erect vessel 052 at Unit 2 completed, 100%.",STA-L6-052,STA-L6-017,Erect vessel 017,static_equipment,Unit 2,0,0.0,0.6666666666666666,0.751852810382843,1.0,0.94,0.552685410439968,6,0.29121689795494077,0.8439023083949088,0.5750414371490478,0.268860871245861,0,1,0
18,"Erect vessel 052 at Unit 2 completed, 100%.",STA-L6-052,STA-L6-045,Erect vessel 045,static_equipment,Unit 2,0,0.0,0.6666666666666666,0.7518036365509033,1.0,0.94,0.5526738545894622,7,0.2912284538054466,0.8439023083949088,0.5750414371490478,0.268860871245861,0,1,0
18,"Erect vessel 052 at Unit 2 completed, 100%.",STA-L6-052,STA-L6-003,Erect vessel 003,static_equipment,Unit 2,0,0.0,0.6666666666666666,0.7457900047302246,1.0,0.94,0.5512606511116027,8,0.29264165728330604,0.8439023083949088,0.5750414371490478,0.268860871245861,0,1,0
18,"Erect vessel 052 at Unit 2 completed, 100%.",STA-L6-052,STA-L6-031,Erect vessel 031,static_equipment,Unit 2,0,0.0,0.6666666666666666,0.7418769001960754,1.0,0.94,0.5503410715460776,9,0.2935612368488312,0.8439023083949088,0.5750414371490478,0.268860871245861,0,1,0
18,"Erect vessel 052 at Unit 2 completed, 100%.",STA-L6-052,STA-L6-073,Erect vessel 073,static_equipment,Unit 2,0,0.0,0.6666666666666666,0.7402991056442261,1.0,0.94,0.5499702898263931,10,0.2939320185685157,0.8439023083949088,0.5750414371490478,0.268860871245861,0,1,0
18,"Erect vessel 052 at Unit 2 completed, 100%.",STA-L6-052,STA-L6-094,Erect vessel 094,static_equipment,Unit 2,0,0.0,0.6666666666666666,0.7365902662277222,1.0,0.94,0.5490987125635146,11,0.29480359583139415,0.8439023083949088,0.5750414371490478,0.268860871245861,0,1,0
18,"Erect vessel 052 at Unit 2 completed, 100%.",STA-L6-052,STA-L6-234,Erect vessel 234,static_equipment,Unit 2,0,0.0,0.6666666666666666,0.7348006963729858,1.0,0.94,0.5486781636476515,12,0.2952241447472572,0.8439023083949088,0.5750414371490478,0.268860871245861,0,1,0
18,"Erect vessel 052 at Unit 2 completed, 100%.",STA-L6-052,STA-L6-010,Erect vessel 010,static_equipment,Unit 2,0,0.0,0.6666666666666666,0.7326419949531555,1.0,0.94,0.5481708688139915,13,0.2957314395809173,0.8439023083949088,0.5750414371490478,0.268860871245861,0,1,0
18,"Erect vessel 052 at Unit 2 completed, 100%.",STA-L6-052,STA-L6-115,Erect vessel 115,static_equipment,Unit 2,0,0.0,0.6666666666666666,0.7311099767684937,1.0,0.94,0.5478108445405959,14,0.29609146385431284,0.8439023083949088,0.5750414371490478,0.268860871245861,0,1,0
18,"Erect vessel 052 at Unit 2 completed, 100%.",STA-L6-052,STA-L6-199,Erect vessel 199,static_equipment,Unit 2,0,0.0,0.6666666666666666,0.7299361824989319,1.0,0.94,0.5475350028872489,15,0.2963673055076599,0.8439023083949088,0.5750414371490478,0.268860871245861,0,1,0
18,"Erect vessel 052 at Unit 2 completed, 100%.",STA-L6-052,STA-L6-038,Erect vessel 038,static_equipment,Unit 2,0,0.0,0.6666666666666666,0.726449728012085,1.0,0.94,0.5467156860828398,16,0.29718662231206894,0.8439023083949088,0.5750414371490478,0.268860871245861,0,1,0
18,"Erect vessel 052 at Unit 2 completed, 100%.",STA-L6-052,STA-L6-087,Erect vessel 087,static_equipment,Unit 2,0,0.0,0.6666666666666666,0.7262555360794067,1.0,0.94,0.5466700509786605,17,0.29723225741624826,0.8439023083949088,0.5750414371490478,0.268860871245861,0,1,0
18,"Erect vessel 052 at Unit 2 completed, 100%.",STA-L6-052,STA-L6-220,Erect vessel 220,static_equipment,Unit 2,0,0.0,0.6666666666666666,0.7223599553108215,1.0,0.94,0.5457545894980429,18,0.29814771889686587,0.8439023083949088,0.5750414371490478,0.268860871245861,0,1,0
18,"Erect vessel 052 at Unit 2 completed, 100%.",STA-L6-052,STA-L6-122,Erect vessel 122,static_equipment,Unit 2,0,0.0,0.6666666666666666,0.7173969149589539,1.0,0.94,0.544588275015354,19,0.29931403337955476,0.8439023083949088,0.5750414371490478,0.268860871245861,0,1,0
18,"Erect vessel 052 at Unit 2 completed, 100%.",STA-L6-052,STA-L6-080,Erect vessel 080,static_equipment,Unit 2,0,0.0,0.6666666666666666,0.7168958187103271,1.0,0.94,0.5444705173969268,20,0.299431790997982,0.8439023083949088,0.5750414371490478,0.268860871245861,0,1,0
19,"Calibrate transmitter 055 at Unit 2 completed, 50%.",INS-L6-055,INS-L6-055,Calibrate transmitter 055,instrumentation,Unit 2,1,0.82,1.0,0.8834256529808044,1.0,0.94,0.8618450284504889,1,0.0,0.8618450284504889,0.6015448361635207,0.2603001922869682,0,1,0
19,"Calibrate transmitter 055 at Unit 2 completed, 50%.",INS-L6-055,INS-L6-041,Calibrate transmitter 041,instrumentation,Unit 2,0,0.0,0.6666666666666666,0.8061793446540833,1.0,1.0,0.6015448361635207,2,0.2603001922869682,0.8618450284504889,0.6015448361635207,0.2603001922869682,0,1,0
19,"Calibrate transmitter 055 at Unit 2 completed, 50%.",INS-L6-055,INS-L6-181,Calibrate transmitter 181,instrumentation,Unit 2,0,0.0,0.6666666666666666,0.7168340086936951,1.0,1.0,0.5792085021734237,3,0.28263652627706526,0.8618450284504889,0.6015448361635207,0.2603001922869682,0,1,0
19,"Calibrate transmitter 055 at Unit 2 completed, 50%.",INS-L6-055,INS-L6-027,Calibrate transmitter 027,instrumentation,Unit 2,0,0.0,0.6666666666666666,0.803067684173584,1.0,0.94,0.5647209057807921,4,0.2971241226696968,0.8618450284504889,0.6015448361635207,0.2603001922869682,0,1,0
19,"Calibrate transmitter 055 at Unit 2 completed, 50%.",INS-L6-055,INS-L6-020,Calibrate transmitter 020,instrumentation,Unit 2,0,0.0,0.6756756756756757,0.7930328845977783,1.0,0.94,0.5636329981507482,5,0.29821203029974075,0.8618450284504889,0.6015448361635207,0.2603001922869682,0,1,0
19,"Calibrate transmitter 055 at Unit 2 completed, 50%.",INS-L6-055,INS-L6-062,Calibrate transmitter 062,instrumentation,Unit 2,0,0.0,0.6666666666666666,0.7942067384719849,1.0,0.94,0.5626385835409163,6,0.2992064449095726,0.8618450284504889,0.6015448361635207,0.2603001922869682,0,1,0
19,"Calibrate transmitter 055 at Unit 2 completed, 50%.",INS-L6-055,INS-L6-076,Calibrate transmitter 076,instrumentation,Unit 2,0,0.0,0.6666666666666666,0.7937833070755005,1.0,0.94,0.5625390771627425,7,0.2993059512877464,0.8618450284504889,0.6015448361635207,0.2603001922869682,0,1,0
19,"Calibrate transmitter 055 at Unit 2 completed, 50%.",INS-L6-055,INS-L6-034,Calibrate transmitter 034,instrumentation,Unit 2,0,0.0,0.6666666666666666,0.7920153141021729,1.0,0.94,0.5621235988140105,8,0.2997214296364784,0.8618450284504889,0.6015448361635207,0.2603001922869682,0,1,0
19,"Calibrate transmitter 055 at Unit 2 completed, 50%.",INS-L6-055,INS-L6-048,Calibrate transmitter 048,instrumentation,Unit 2,0,0.0,0.6666666666666666,0.791944146156311,1.0,0.94,0.562106874346733,9,0.2997381541037559,0.8618450284504889,0.6015448361635207,0.2603001922869682,0,1,0
19,"Calibrate transmitter 055 at Unit 2 completed, 50%.",INS-L6-055,INS-L6-202,Calibrate transmitter 202,instrumentation,Unit 2,0,0.0,0.6666666666666666,0.7872999906539917,1.0,0.94,0.561015497803688,10,0.30082953064680096,0.8618450284504889,0.6015448361635207,0.2603001922869682,0,1,0
19,"Calibrate transmitter 055 at Unit 2 completed, 50%.",INS-L6-055,INS-L6-013,Calibrate transmitter 013,instrumentation,Unit 2,0,0.0,0.6666666666666666,0.7869011163711548,1.0,0.94,0.5609217623472212,11,0.3009232661032677,0.8618450284504889,0.6015448361635207,0.2603001922869682,0,1,0
19,"Calibrate transmitter 055 at Unit 2 completed, 50%.",INS-L6-055,INS-L6-237,Calibrate transmitter 237,instrumentation,Unit 2,0,0.0,0.6666666666666666,0.7854856252670288,1.0,0.94,0.5605891219377517,12,0.30125590651273726,0.8618450284504889,0.6015448361635207,0.2603001922869682,0,1,0
19,"Calibrate transmitter 055 at Unit 2 completed, 50%.",INS-L6-055,INS-L6-125,Calibrate transmitter 125,instrumentation,Unit 2,0,0.0,0.6666666666666666,0.7817777395248413,1.0,0.94,0.5597177687883376,13,0.30212725966215137,0.8618450284504889,0.6015448361635207,0.2603001922869682,0,1,0
19,"Calibrate transmitter 055 at Unit 2 completed, 50%.",INS-L6-055,INS-L6-097,Calibrate transmitter 097,instrumentation,Unit 2,0,0.0,0.6666666666666666,0.7715680003166199,1.0,0.94,0.5573184800744055,14,0.3045265483760834,0.8618450284504889,0.6015448361635207,0.2603001922869682,0,1,0
19,"Calibrate transmitter 055 at Unit 2 completed, 50%.",INS-L6-055,INS-L6-090,Calibrate transmitter 090,instrumentation,Unit 2,0,0.0,0.6666666666666666,0.7711031436920166,1.0,0.94,0.5572092387676237,15,0.3046357896828652,0.8618450284504889,0.6015448361635207,0.2603001922869682,0,1,0
19,"Calibrate transmitter 055 at Unit 2 completed, 50%.",INS-L6-055,INS-L6-069,Calibrate transmitter 069,instrumentation,Unit 2,0,0.0,0.6666666666666666,0.7667983770370483,1.0,0.94,0.5561976186037062,16,0.30564740984678274,0.8618450284504889,0.6015448361635207,0.2603001922869682,0,1,0
19,"Calibrate transmitter 055 at Unit 2 completed, 50%.",INS-L6-055,INS-L6-083,Calibrate transmitter 083,instrumentation,Unit 2,0,0.0,0.6666666666666666,0.7647377252578735,1.0,0.94,0.5557133654356001,17,0.3061316630148888,0.8618450284504889,0.6015448361635207,0.2603001922869682,0,1,0
19,"Calibrate transmitter 055 at Unit 2 completed, 50%.",INS-L6-055,INS-L6-251,Calibrate transmitter 251,instrumentation,Unit 2,0,0.0,0.6666666666666666,0.7616842985153198,1.0,0.94,0.5549958101511,18,0.30684921829938894,0.8618450284504889,0.6015448361635207,0.2603001922869682,0,1,0
19,"Calibrate transmitter 055 at Unit 2 completed, 50%.",INS-L6-055,INS-L6-258,Calibrate transmitter 258,instrumentation,Unit 2,0,0.0,0.6666666666666666,0.7616382241249084,1.0,0.94,0.5549849826693534,19,0.30686004578113557,0.8618450284504889,0.6015448361635207,0.2603001922869682,0,1,0
19,"Calibrate transmitter 055 at Unit 2 completed, 50%.",INS-L6-055,INS-L6-272,Calibrate transmitter 272,instrumentation,Unit 2,0,0.0,0.6666666666666666,0.7587096691131592,1.0,0.94,0.5542967722415922,20,0.3075482562088967,0.8618450284504889,0.6015448361635207,0.2603001922869682,0,1,0
20,"Install line 058 at R03 completed, 100%.",PIP-L6-058,PIP-L6-058,Erect line 058,piping,R03,1,0.82,0.6666666666666666,0.4487030506134033,0.9,0.94,0.6844852168941498,1,0.0,0.6844852168941498,0.6710479968869686,0.013437220007181172,0,0,1
20,"Install line 058 at R03 completed, 100%.",PIP-L6-058,PIP-L6-100,Erect line 100,piping,R03,0,0.82,0.6666666666666666,0.3915233910083771,0.9,0.94,0.6710479968869686,2,0.013437220007181172,0.6844852168941498,0.6710479968869686,0.013437220007181172,0,0,1
20,"Install line 058 at R03 completed, 100%.",PIP-L6-058,INS-L6-041,Calibrate transmitter 041,instrumentation,Unit 2,0,0.82,0.28125,0.21861040592193604,0.5,1.0,0.49284010148048396,3,0.1916451154136658,0.6844852168941498,0.6710479968869686,0.013437220007181172,0,0,0
20,"Install line 058 at R03 completed, 100%.",PIP-L6-058,INS-L6-090,Calibrate transmitter 090,instrumentation,Unit 2,0,0.82,0.28125,0.26255473494529724,0.5,0.94,0.47359661271214476,4,0.210888604182005,0.6844852168941498,0.6710479968869686,0.013437220007181172,0,0,0
20,"Install line 058 at R03 completed, 100%.",PIP-L6-058,INS-L6-013,Calibrate transmitter 013,instrumentation,Unit 2,0,0.82,0.28125,0.247751384973526,0.5,0.94,0.47011782546877856,5,0.2143673914253712,0.6844852168941498,0.6710479968869686,0.013437220007181172,0,0,0
20,"Install line 058 at R03 completed, 100%.",PIP-L6-058,INS-L6-055,Calibrate transmitter 055,instrumentation,Unit 2,0,0.82,0.25,0.2635817527770996,0.5,0.94,0.4694317119026184,6,0.21505350499153136,0.6844852168941498,0.6710479968869686,0.013437220007181172,0,0,0
20,"Install line 058 at R03 completed, 100%.",PIP-L6-058,INS-L6-020,Calibrate transmitter 020,instrumentation,Unit 2,0,0.82,0.28125,0.23564818501472473,0.5,0.94,0.4672735734784602,7,0.21721164341568955,0.6844852168941498,0.6710479968869686,0.013437220007181172,0,0,0
20,"Install line 058 at R03 completed, 100%.",PIP-L6-058,INS-L6-083,Calibrate transmitter 083,instrumentation,Unit 2,0,0.82,0.28125,0.2342415750026703,0.5,0.94,0.46694302012562744,8,0.21754219676852232,0.6844852168941498,0.6710479968869686,0.013437220007181172,0,0,0
20,"Install line 058 at R03 completed, 100%.",PIP-L6-058,INS-L6-034,Calibrate transmitter 034,instrumentation,Unit 2,0,0.82,0.28125,0.2300383746623993,0.5,0.94,0.4659552680456638,9,0.21852994884848598,0.6844852168941498,0.6710479968869686,0.013437220007181172,0,0,0
20,"Install line 058 at R03 completed, 100%.",PIP-L6-058,INS-L6-097,Calibrate transmitter 097,instrumentation,Unit 2,0,0.82,0.25,0.24414685368537903,0.5,0.94,0.46486451061606404,10,0.21962070627808572,0.6844852168941498,0.6710479968869686,0.013437220007181172,0,0,0
20,"Install line 058 at R03 completed, 100%.",PIP-L6-058,INS-L6-069,Calibrate transmitter 069,instrumentation,Unit 2,0,0.82,0.25,0.23577278852462769,0.5,0.94,0.46289660530328747,11,0.2215886115908623,0.6844852168941498,0.6710479968869686,0.013437220007181172,0,0,0
20,"Install line 058 at R03 completed, 100%.",PIP-L6-058,INS-L6-181,Calibrate transmitter 181,instrumentation,Unit 2,0,0.82,0.25,0.11739139258861542,0.5,1.0,0.46284784814715385,12,0.2216373687469959,0.6844852168941498,0.6710479968869686,0.013437220007181172,0,0,0
20,"Install line 058 at R03 completed, 100%.",PIP-L6-058,INS-L6-048,Calibrate transmitter 048,instrumentation,Unit 2,0,0.82,0.25,0.23516830801963806,0.5,0.94,0.46275455238461494,13,0.22173066450953482,0.6844852168941498,0.6710479968869686,0.013437220007181172,0,0,0
20,"Install line 058 at R03 completed, 100%.",PIP-L6-058,STA-L6-101,Erect vessel 101,static_equipment,Unit 2,0,0.82,0.2545454545454545,0.11266543716192245,0.5,1.0,0.4623481774722987,14,0.22213703942185103,0.6844852168941498,0.6710479968869686,0.013437220007181172,0,0,0
20,"Install line 058 at R03 completed, 100%.",PIP-L6-058,INS-L6-027,Calibrate transmitter 027,instrumentation,Unit 2,0,0.82,0.25,0.22572535276412964,0.5,0.94,0.46053545789957046,15,0.2239497589945793,0.6844852168941498,0.6710479968869686,0.013437220007181172,0,0,0
20,"Install line 058 at R03 completed, 100%.",PIP-L6-058,INS-L6-104,Calibrate transmitter 104,instrumentation,Unit 2,0,0.82,0.28125,0.19944943487644196,0.5,0.94,0.45876686719596377,16,0.225718349698186,0.6844852168941498,0.6710479968869686,0.013437220007181172,0,0,0
20,"Install line 058 at R03 completed, 100%.",PIP-L6-058,INS-L6-209,Calibrate transmitter 209,instrumentation,Unit 2,0,0.82,0.25,0.2153272032737732,0.5,0.94,0.45809189276933665,17,0.2263933241248131,0.6844852168941498,0.6710479968869686,0.013437220007181172,0,0,0
20,"Install line 058 at R03 completed, 100%.",PIP-L6-058,INS-L6-062,Calibrate transmitter 062,instrumentation,Unit 2,0,0.82,0.25,0.21129173040390015,0.5,0.94,0.4571435566449165,18,0.22734166024923325,0.6844852168941498,0.6710479968869686,0.013437220007181172,0,0,0
20,"Install line 058 at R03 completed, 100%.",PIP-L6-058,INS-L6-006,Calibrate transmitter 006,instrumentation,Unit 2,0,0.82,0.28125,0.18531116843223572,0.5,0.94,0.45544437458157533,19,0.22904084231257443,0.6844852168941498,0.6710479968869686,0.013437220007181172,0,0,0
20,"Install line 058 at R03 completed, 100%.",PIP-L6-058,INS-L6-237,Calibrate transmitter 237,instrumentation,Unit 2,0,0.82,0.25,0.20058122277259827,0.5,0.94,0.4546265873515606,20,0.22985862954258918,0.6844852168941498,0.6710479968869686,0.013437220007181172,0,0,0
21,"Unknown work package ZZ-020 at offshore platform, 20%.",,INS-L6-020,Calibrate transmitter 020,instrumentation,Unit 2,0,0.82,0.3333333333333333,0.3666730523109436,0.5,0.94,0.5054081672930717,1,0.0,0.5054081672930717,0.2986517262710652,0.20675644102200652,0,0,0
21,"Unknown work package ZZ-020 at offshore platform, 20%.",,CIV-L6-001,Foundation 001,civil,Area A,0,0.0,0.16901408450704225,0.4931984543800354,0.5,1.0,0.2986517262710652,2,0.20675644102200652,0.5054081672930717,0.2986517262710652,0.20675644102200652,0,0,0
21,"Unknown work package ZZ-020 at offshore platform, 20%.",,CIV-L6-022,Foundation 022,civil,Area A,0,0.0,0.19718309859154928,0.5213541984558105,0.5,0.94,0.2913210535385239,3,0.2140871137545478,0.5054081672930717,0.2986517262710652,0.20675644102200652,0,0,0
21,"Unknown work package ZZ-020 at offshore platform, 20%.",,CIV-L6-029,Foundation 029,civil,Area A,0,0.0,0.16901408450704225,0.5042629837989807,0.5,0.94,0.2833327871082534,4,0.22207538018481832,0.5054081672930717,0.2986517262710652,0.20675644102200652,0,0,0
21,"Unknown work package ZZ-020 at offshore platform, 20%.",,CIV-L6-092,Foundation 092,civil,Area A,0,0.0,0.16901408450704225,0.5038066506385803,0.5,0.94,0.2832255488155593,5,0.22218261847751242,0.5054081672930717,0.2986517262710652,0.20675644102200652,0,0,0
21,"Unknown work package ZZ-020 at offshore platform, 20%.",,CIV-L6-008,Foundation 008,civil,Area A,0,0.0,0.16901408450704225,0.49796247482299805,0.5,0.94,0.28185216749889747,6,0.22355599979417423,0.5054081672930717,0.2986517262710652,0.20675644102200652,0,0,0
21,"Unknown work package ZZ-020 at offshore platform, 20%.",,HSE-L6-021,Safety inspection 021,hse,Site,0,0.0,0.12987012987012986,0.44732052087783813,0.5,1.0,0.281310649699979,7,0.2240975175930927,0.5054081672930717,0.2986517262710652,0.20675644102200652,0,0,0
21,"Unknown work package ZZ-020 at offshore platform, 20%.",,CIV-L6-015,Foundation 015,civil,Area A,0,0.0,0.14084507042253522,0.5124673843383789,0.5,0.94,0.2812889902490965,8,0.22411917704397522,0.5054081672930717,0.2986517262710652,0.20675644102200652,0,0,0
21,"Unknown work package ZZ-020 at offshore platform, 20%.",,CIV-L6-085,Foundation 085,civil,Area A,0,0.0,0.14084507042253522,0.4950734078884125,0.5,0.94,0.2772014057833544,9,0.2282067615097173,0.5054081672930717,0.2986517262710652,0.20675644102200652,0,0,0
21,"Unknown work package ZZ-020 at offshore platform, 20%.",,CIV-L6-078,Foundation 078,civil,Area A,0,0.0,0.14084507042253522,0.4945945739746094,0.5,0.94,0.27708887981361063,10,0.22831928747946106,0.5054081672930717,0.2986517262710652,0.20675644102200652,0,0,0
21,"Unknown work package ZZ-020 at offshore platform, 20%.",,CIV-L6-071,Foundation 071,civil,Area A,0,0.0,0.14084507042253522,0.4923386573791504,0.5,0.94,0.2765587394136778,11,0.22884942787939389,0.5054081672930717,0.2986517262710652,0.20675644102200652,0,0,0
21,"Unknown work package ZZ-020 at offshore platform, 20%.",,CIV-L6-050,Foundation 050,civil,Area A,0,0.0,0.16901408450704225,0.4706522822380066,0.5,0.94,0.27543427224142447,12,0.22997389505164723,0.5054081672930717,0.2986517262710652,0.20675644102200652,0,0,0
21,"Unknown work package ZZ-020 at offshore platform, 20%.",,CIV-L6-204,Foundation 204,civil,Area A,0,0.0,0.16901408450704225,0.4701426327228546,0.5,0.94,0.2753145046053638,13,0.23009366268770792,0.5054081672930717,0.2986517262710652,0.20675644102200652,0,0,0
21,"Unknown work package ZZ-020 at offshore platform, 20%.",,CIV-L6-036,Foundation 036,civil,Area A,0,0.0,0.14084507042253522,0.4867471754550934,0.5,0.94,0.27524474116152436,14,0.23016342613154733,0.5054081672930717,0.2986517262710652,0.20675644102200652,0,0,0
21,"Unknown work package ZZ-020 at offshore platform, 20%.",,CIV-L6-064,Foundation 064,civil,Area A,0,0.0,0.14084507042253522,0.47565174102783203,0.5,0.94,0.27263731407111796,15,0.23277085322195373,0.5054081672930717,0.2986517262710652,0.20675644102200652,0,0,0
21,"Unknown work package ZZ-020 at offshore platform, 20%.",,CIV-L6-043,Foundation 043,civil,Area A,0,0.0,0.14084507042253522,0.47098344564437866,0.5,0.94,0.27154026465600645,16,0.23386790263706525,0.5054081672930717,0.2986517262710652,0.20675644102200652,0,0,0
21,"Unknown work package ZZ-020 at offshore platform, 20%.",,CIV-L6-099,Foundation 099,civil,Area A,0,0.0,0.14084507042253522,0.4690864086151123,0.5,0.94,0.2710944609541288,17,0.23431370633894288,0.5054081672930717,0.2986517262710652,0.20675644102200652,0,0,0
21,"Unknown work package ZZ-020 at offshore platform, 20%.",,CIV-L6-057,Foundation 057,civil,Area A,0,0.0,0.14084507042253522,0.4622523784637451,0.5,0.94,0.26948846386855757,18,0.23591970342451413,0.5054081672930717,0.2986517262710652,0.20675644102200652,0,0,0
21,"Unknown work package ZZ-020 at offshore platform, 20%.",,CIV-L6-260,Foundation 260,civil,Area A,0,0.0,0.16901408450704225,0.43461692333221436,0.5,0.94,0.2669659628985633,19,0.23844220439450842,0.5054081672930717,0.2986517262710652,0.20675644102200652,0,0,0
21,"Unknown work package ZZ-020 at offshore platform, 20%.",,CIV-L6-274,Foundation 274,civil,Area A,0,0.0,0.14084507042253522,0.44894492626190186,0.5,0.94,0.2663612126011244,20,0.2390469546919473,0.5054081672930717,0.2986517262710652,0.20675644102200652,0,0,0
22,"Foundation 064 at Area A completed, 100%.",CIV-L6-064,CIV-L6-064,Foundation 064,civil,Area A,1,0.82,1.0,0.6945469975471497,0.5,0.94,0.6764585444235801,1,0.0,0.6764585444235801,0.4956391804420947,0.1808193639814854,0,0,0
22,"Foundation 064 at Area A completed, 100%.",CIV-L6-064,PIP-L6-100,Erect line 100,piping,R03,0,0.82,0.3333333333333333,0.32510289549827576,0.5,0.94,0.4956391804420947,2,0.1808193639814854,0.6764585444235801,0.4956391804420947,0.1808193639814854,0,0,0
22,"Foundation 064 at Area A completed, 100%.",CIV-L6-064,CIV-L6-001,Foundation 001,civil,Area A,0,0.0,0.75,0.6338690519332886,0.5,1.0,0.4209672629833221,3,0.255491281440258,0.6764585444235801,0.4956391804420947,0.1808193639814854,0,0,0
22,"Foundation 064 at Area A completed, 100%.",CIV-L6-064,CIV-L6-176,Foundation 176,civil,Area A,0,0.0,0.75,0.719426691532135,0.5,0.94,0.4158152725100517,4,0.26064327191352843,0.6764585444235801,0.4956391804420947,0.1808193639814854,0,0,0
22,"Foundation 064 at Area A completed, 100%.",CIV-L6-064,CIV-L6-141,Foundation 141,civil,Area A,0,0.0,0.75,0.5925513505935669,0.5,1.0,0.4106378376483917,5,0.26582070677518843,0.6764585444235801,0.4956391804420947,0.1808193639814854,0,0,0
22,"Foundation 064 at Area A completed, 100%.",CIV-L6-064,CIV-L6-050,Foundation 050,civil,Area A,0,0.0,0.75,0.6670498251914978,0.5,0.94,0.4035067089200019,6,0.2729518355035782,0.6764585444235801,0.4956391804420947,0.1808193639814854,0,0,0
22,"Foundation 064 at Area A completed, 100%.",CIV-L6-064,CIV-L6-106,Foundation 106,civil,Area A,0,0.0,0.75,0.6579612493515015,0.5,0.94,0.4013708935976028,7,0.2750876508259773,0.6764585444235801,0.4956391804420947,0.1808193639814854,0,0,0
22,"Foundation 064 at Area A completed, 100%.",CIV-L6-064,CIV-L6-120,Foundation 120,civil,Area A,0,0.0,0.75,0.6572991609573364,0.5,0.94,0.401215302824974,8,0.27524324159860614,0.6764585444235801,0.4956391804420947,0.1808193639814854,0,0,0
22,"Foundation 064 at Area A completed, 100%.",CIV-L6-064,CIV-L6-071,Foundation 071,civil,Area A,0,0.0,0.75,0.6568289995193481,0.5,0.94,0.40110481488704675,9,0.27535372953653336,0.6764585444235801,0.4956391804420947,0.1808193639814854,0,0,0
22,"Foundation 064 at Area A completed, 100%.",CIV-L6-064,CIV-L6-029,Foundation 029,civil,Area A,0,0.0,0.75,0.6567940711975098,0.5,0.94,0.40109660673141473,10,0.2753619376921654,0.6764585444235801,0.4956391804420947,0.1808193639814854,0,0,0
22,"Foundation 064 at Area A completed, 100%.",CIV-L6-064,CIV-L6-008,Foundation 008,civil,Area A,0,0.0,0.75,0.6552120447158813,0.5,0.94,0.40072483050823204,11,0.27573371391534807,0.6764585444235801,0.4956391804420947,0.1808193639814854,0,0,0
22,"Foundation 064 at Area A completed, 100%.",CIV-L6-064,CIV-L6-057,Foundation 057,civil,Area A,0,0.0,0.75,0.6548714637756348,0.5,0.94,0.4006447939872741,12,0.275813750436306,0.6764585444235801,0.4956391804420947,0.1808193639814854,0,0,0
22,"Foundation 064 at Area A completed, 100%.",CIV-L6-064,CIV-L6-036,Foundation 036,civil,Area A,0,0.0,0.75,0.6545345783233643,0.5,0.94,0.40056562590599054,13,0.27589291851758957,0.6764585444235801,0.4956391804420947,0.1808193639814854,0,0,0
22,"Foundation 064 at Area A completed, 100%.",CIV-L6-064,CIV-L6-078,Foundation 078,civil,Area A,0,0.0,0.75,0.65168297290802,0.5,0.94,0.39989549863338464,14,0.27656304579019547,0.6764585444235801,0.4956391804420947,0.1808193639814854,0,0,0
22,"Foundation 064 at Area A completed, 100%.",CIV-L6-064,CIV-L6-085,Foundation 085,civil,Area A,0,0.0,0.75,0.6500451564788818,0.5,0.94,0.39951061177253716,15,0.27694793265104295,0.6764585444235801,0.4956391804420947,0.1808193639814854,0,0,0
22,"Foundation 064 at Area A completed, 100%.",CIV-L6-064,CIV-L6-022,Foundation 022,civil,Area A,0,0.0,0.75,0.6462056636810303,0.5,0.94,0.39860833096504206,16,0.27785021345853805,0.6764585444235801,0.4956391804420947,0.1808193639814854,0,0,0
22,"Foundation 064 at Area A completed, 100%.",CIV-L6-064,CIV-L6-267,Foundation 267,civil,Area A,0,0.0,0.75,0.6449969410896301,0.5,0.94,0.398324281156063,17,0.2781342632675171,0.6764585444235801,0.4956391804420947,0.1808193639814854,0,0,0
22,"Foundation 064 at Area A completed, 100%.",CIV-L6-064,CIV-L6-092,Foundation 092,civil,Area A,0,0.0,0.75,0.6447674036026001,0.5,0.94,0.398270339846611,18,0.27818820457696913,0.6764585444235801,0.4956391804420947,0.1808193639814854,0,0,0
22,"Foundation 064 at Area A completed, 100%.",CIV-L6-064,CIV-L6-204,Foundation 204,civil,Area A,0,0.0,0.75,0.6446741819381714,0.5,0.94,0.3982484327554702,19,0.2782101116681099,0.6764585444235801,0.4956391804420947,0.1808193639814854,0,0,0
22,"Foundation 064 at Area A completed, 100%.",CIV-L6-064,CIV-L6-218,Foundation 218,civil,Area A,0,0.0,0.75,0.6431998014450073,0.5,0.94,0.3979019533395767,20,0.27855659108400344,0.6764585444235801,0.4956391804420947,0.1808193639814854,0,0,0
23,"Install pump 067 at Unit 2 completed, 50%.",ROT-L6-067,ROT-L6-067,Install pump 067,rotating_equipment,Unit 2,1,0.82,1.0,0.7938974499702454,1.0,0.94,0.8408059007430075,1,0.0,0.8408059007430075,0.5781184673309325,0.262687433412075,0,1,0
23,"Install pump 067 at Unit 2 completed, 50%.",ROT-L6-067,ROT-L6-081,Install pump 081,rotating_equipment,Unit 2,0,0.0,0.6666666666666666,0.7124738693237305,1.0,1.0,0.5781184673309325,2,0.262687433412075,0.8408059007430075,0.5781184673309325,0.262687433412075,0,1,0
23,"Install pump 067 at Unit 2 completed, 50%.",ROT-L6-067,ROT-L6-060,Install pump 060,rotating_equipment,Unit 2,0,0.0,0.6666666666666666,0.7871471047401428,1.0,0.94,0.5609795696139335,3,0.27982633112907407,0.8408059007430075,0.5781184673309325,0.262687433412075,0,1,0
23,"Install pump 067 at Unit 2 completed, 50%.",ROT-L6-067,ROT-L6-074,Install pump 074,rotating_equipment,Unit 2,0,0.0,0.6666666666666666,0.7629585266113281,1.0,0.94,0.555295253753662,4,0.2855106469893456,0.8408059007430075,0.5781184673309325,0.262687433412075,0,1,0
23,"Install pump 067 at Unit 2 completed, 50%.",ROT-L6-067,ROT-L6-221,Install pump 221,rotating_equipment,Unit 2,0,0.0,0.6666666666666666,0.5895365476608276,1.0,1.0,0.5473841369152068,5,0.2934217638278007,0.8408059007430075,0.5781184673309325,0.262687433412075,0,1,0
23,"Install pump 067 at Unit 2 completed, 50%.",ROT-L6-067,ROT-L6-025,Install pump 025,rotating_equipment,Unit 2,0,0.0,0.6666666666666666,0.6990060806274414,1.0,0.94,0.5402664289474486,6,0.30053947179555895,0.8408059007430075,0.5781184673309325,0.262687433412075,0,1,0
23,"Install pump 067 at Unit 2 completed, 50%.",ROT-L6-067,ROT-L6-053,Install pump 053,rotating_equipment,Unit 2,0,0.0,0.6666666666666666,0.6899669766426086,1.0,0.94,0.5381422395110129,7,0.3026636612319946,0.8408059007430075,0.5781184673309325,0.262687433412075,0,1,0
23,"Install pump 067 at Unit 2 completed, 50%.",ROT-L6-067,ROT-L6-046,Install pump 046,rotating_equipment,Unit 2,0,0.0,0.6666666666666666,0.6884967088699341,1.0,0.94,0.5377967265844344,8,0.3030091741585731,0.8408059007430075,0.5781184673309325,0.262687433412075,0,1,0
23,"Install pump 067 at Unit 2 completed, 50%.",ROT-L6-067,ROT-L6-004,Install pump 004,rotating_equipment,Unit 2,0,0.0,0.6666666666666666,0.6776241660118103,1.0,0.94,0.5352416790127753,9,0.30556422173023223,0.8408059007430075,0.5781184673309325,0.262687433412075,0,1,0
23,"Install pump 067 at Unit 2 completed, 50%.",ROT-L6-067,ROT-L6-032,Install pump 032,rotating_equipment,Unit 2,0,0.0,0.6666666666666666,0.6762317419052124,1.0,0.94,0.5349144593477247,10,0.3058914413952828,0.8408059007430075,0.5781184673309325,0.262687433412075,0,1,0
23,"Install pump 067 at Unit 2 completed, 50%.",ROT-L6-067,ROT-L6-088,Install pump 088,rotating_equipment,Unit 2,0,0.0,0.6666666666666666,0.674640417098999,1.0,0.94,0.5345404980182646,11,0.3062654027247429,0.8408059007430075,0.5781184673309325,0.262687433412075,0,1,0
23,"Install pump 067 at Unit 2 completed, 50%.",ROT-L6-067,ROT-L6-095,Install pump 095,rotating_equipment,Unit 2,0,0.0,0.6666666666666666,0.6728052496910095,1.0,0.94,0.5341092336773872,12,0.3066966670656204,0.8408059007430075,0.5781184673309325,0.262687433412075,0,1,0
23,"Install pump 067 at Unit 2 completed, 50%.",ROT-L6-067,ROT-L6-011,Install pump 011,rotating_equipment,Unit 2,0,0.0,0.6666666666666666,0.6701098084449768,1.0,0.94,0.5334758049845695,13,0.30733009575843806,0.8408059007430075,0.5781184673309325,0.262687433412075,0,1,0
23,"Install pump 067 at Unit 2 completed, 50%.",ROT-L6-067,ROT-L6-018,Install pump 018,rotating_equipment,Unit 2,0,0.0,0.6666666666666666,0.6678733825683594,1.0,0.94,0.5329502449035644,14,0.3078556558394432,0.8408059007430075,0.5781184673309325,0.262687433412075,0,1,0
23,"Install pump 067 at Unit 2 completed, 50%.",ROT-L6-067,ROT-L6-277,Install pump 277,rotating_equipment,Unit 2,0,0.0,0.6666666666666666,0.6617778539657593,1.0,0.94,0.5315177956819533,15,0.3092881050610542,0.8408059007430075,0.5781184673309325,0.262687433412075,0,1,0
23,"Install pump 067 at Unit 2 completed, 50%.",ROT-L6-067,ROT-L6-186,Install pump 186,rotating_equipment,Unit 2,0,0.0,0.6666666666666666,0.6615089178085327,1.0,0.94,0.5314545956850051,16,0.30935130505800246,0.8408059007430075,0.5781184673309325,0.262687433412075,0,1,0
23,"Install pump 067 at Unit 2 completed, 50%.",ROT-L6-067,ROT-L6-200,Install pump 200,rotating_equipment,Unit 2,0,0.0,0.6666666666666666,0.6613044738769531,1.0,0.94,0.5314065513610838,17,0.3093993493819237,0.8408059007430075,0.5781184673309325,0.262687433412075,0,1,0
23,"Install pump 067 at Unit 2 completed, 50%.",ROT-L6-067,ROT-L6-242,Install pump 242,rotating_equipment,Unit 2,0,0.0,0.6666666666666666,0.6524875164031982,1.0,0.94,0.5293345663547515,18,0.311471334388256,0.8408059007430075,0.5781184673309325,0.262687433412075,0,1,0
23,"Install pump 067 at Unit 2 completed, 50%.",ROT-L6-067,ROT-L6-039,Install pump 039,rotating_equipment,Unit 2,0,0.0,0.6666666666666666,0.6504526138305664,1.0,0.94,0.528856364250183,19,0.31194953649282453,0.8408059007430075,0.5781184673309325,0.262687433412075,0,1,0
23,"Install pump 067 at Unit 2 completed, 50%.",ROT-L6-067,ROT-L6-158,Install pump 158,rotating_equipment,Unit 2,0,0.0,0.6666666666666666,0.6472435593605042,1.0,0.94,0.5281022364497183,20,0.3127036642932892,0.8408059007430075,0.5781184673309325,0.262687433412075,0,1,0
24,"Safety inspection 070 at Site completed, 100%.",HSE-L6-070,HSE-L6-070,Safety inspection 070,hse,Site,1,0.82,1.0,0.8504236936569214,1.0,0.94,0.8540895680093764,1,0.0,0.8540895680093764,0.6215252041816711,0.2325643638277053,0,1,0
24,"Safety inspection 070 at Site completed, 100%.",HSE-L6-070,HSE-L6-021,Safety inspection 021,hse,Site,0,0.0,0.75,0.8361008167266846,1.0,1.0,0.6215252041816711,2,0.2325643638277053,0.8540895680093764,0.6215252041816711,0.2325643638277053,0,1,0
24,"Safety inspection 070 at Site completed, 100%.",HSE-L6-070,HSE-L6-161,Safety inspection 161,hse,Site,0,0.0,0.75,0.7715752720832825,1.0,1.0,0.6053938180208206,3,0.24869574998855581,0.8540895680093764,0.6215252041816711,0.2325643638277053,0,1,0
24,"Safety inspection 070 at Site completed, 100%.",HSE-L6-070,HSE-L6-014,Safety inspection 014,hse,Site,0,0.0,0.75,0.8528847098350525,1.0,0.94,0.5881779068112373,4,0.26591166119813914,0.8540895680093764,0.6215252041816711,0.2325643638277053,0,1,0
24,"Safety inspection 070 at Site completed, 100%.",HSE-L6-070,HSE-L6-049,Safety inspection 049,hse,Site,0,0.0,0.75,0.8517121076583862,1.0,0.94,0.5879023452997207,5,0.26618722270965567,0.8540895680093764,0.6215252041816711,0.2325643638277053,0,1,0
24,"Safety inspection 070 at Site completed, 100%.",HSE-L6-070,HSE-L6-042,Safety inspection 042,hse,Site,0,0.0,0.75,0.8437419533729553,1.0,0.94,0.5860293590426444,6,0.268060208966732,0.8540895680093764,0.6215252041816711,0.2325643638277053,0,1,0
24,"Safety inspection 070 at Site completed, 100%.",HSE-L6-070,HSE-L6-007,Safety inspection 007,hse,Site,0,0.0,0.75,0.8437375426292419,1.0,0.94,0.5860283225178718,7,0.26806124549150456,0.8540895680093764,0.6215252041816711,0.2325643638277053,0,1,0
24,"Safety inspection 070 at Site completed, 100%.",HSE-L6-070,HSE-L6-105,Safety inspection 105,hse,Site,0,0.0,0.75,0.8353114128112793,1.0,0.94,0.5840481820106506,8,0.27004138599872585,0.8540895680093764,0.6215252041816711,0.2325643638277053,0,1,0
24,"Safety inspection 070 at Site completed, 100%.",HSE-L6-070,HSE-L6-028,Safety inspection 028,hse,Site,0,0.0,0.75,0.8301124572753906,1.0,0.94,0.5828264274597167,9,0.2712631405496597,0.8540895680093764,0.6215252041816711,0.2325643638277053,0,1,0
24,"Safety inspection 070 at Site completed, 100%.",HSE-L6-070,HSE-L6-203,Safety inspection 203,hse,Site,0,0.0,0.75,0.8286879062652588,1.0,0.94,0.5824916579723357,10,0.2715979100370407,0.8540895680093764,0.6215252041816711,0.2325643638277053,0,1,0
24,"Safety inspection 070 at Site completed, 100%.",HSE-L6-070,HSE-L6-035,Safety inspection 035,hse,Site,0,0.0,0.75,0.8261840343475342,1.0,0.94,0.5819032480716705,11,0.2721863199377059,0.8540895680093764,0.6215252041816711,0.2325643638277053,0,1,0
24,"Safety inspection 070 at Site completed, 100%.",HSE-L6-070,HSE-L6-091,Safety inspection 091,hse,Site,0,0.0,0.75,0.8250769376754761,1.0,0.94,0.5816430803537368,12,0.2724464876556396,0.8540895680093764,0.6215252041816711,0.2325643638277053,0,1,0
24,"Safety inspection 070 at Site completed, 100%.",HSE-L6-070,HSE-L6-056,Safety inspection 056,hse,Site,0,0.0,0.75,0.8247648477554321,1.0,0.94,0.5815697392225265,13,0.2725198287868499,0.8540895680093764,0.6215252041816711,0.2325643638277053,0,1,0
24,"Safety inspection 070 at Site completed, 100%.",HSE-L6-070,HSE-L6-077,Safety inspection 077,hse,Site,0,0.0,0.75,0.8238949775695801,1.0,0.94,0.5813653197288513,14,0.2727242482805251,0.8540895680093764,0.6215252041816711,0.2325643638277053,0,1,0
24,"Safety inspection 070 at Site completed, 100%.",HSE-L6-070,HSE-L6-126,Safety inspection 126,hse,Site,0,0.0,0.75,0.8199965357780457,1.0,0.94,0.5804491859078407,15,0.27364038210153574,0.8540895680093764,0.6215252041816711,0.2325643638277053,0,1,0
24,"Safety inspection 070 at Site completed, 100%.",HSE-L6-070,HSE-L6-112,Safety inspection 112,hse,Site,0,0.0,0.75,0.8193684816360474,1.0,0.94,0.580301593184471,16,0.27378797482490536,0.8540895680093764,0.6215252041816711,0.2325643638277053,0,1,0
24,"Safety inspection 070 at Site completed, 100%.",HSE-L6-070,HSE-L6-140,Safety inspection 140,hse,Site,0,0.0,0.75,0.8176404237747192,1.0,0.94,0.579895499587059,17,0.2741940684223174,0.8540895680093764,0.6215252041816711,0.2325643638277053,0,1,0
24,"Safety inspection 070 at Site completed, 100%.",HSE-L6-070,HSE-L6-063,Safety inspection 063,hse,Site,0,0.0,0.75,0.8174635767936707,1.0,0.94,0.5798539405465125,18,0.2742356274628639,0.8540895680093764,0.6215252041816711,0.2325643638277053,0,1,0
24,"Safety inspection 070 at Site completed, 100%.",HSE-L6-070,HSE-L6-084,Safety inspection 084,hse,Site,0,0.0,0.75,0.8167288303375244,1.0,0.94,0.5796812751293182,19,0.2744082928800582,0.8540895680093764,0.6215252041816711,0.2325643638277053,0,1,0
24,"Safety inspection 070 at Site completed, 100%.",HSE-L6-070,HSE-L6-196,Safety inspection 196,hse,Site,0,0.0,0.75,0.8150542974472046,1.0,0.94,0.5792877599000931,20,0.27480180810928334,0.8540895680093764,0.6215252041816711,0.2325643638277053,0,1,0
25,"Erect vessel 073 at Unit 2 completed, 50%.",STA-L6-073,STA-L6-073,Erect vessel 073,static_equipment,Unit 2,1,0.82,1.0,0.8060415983200073,1.0,0.94,0.8436597756052017,1,0.0,0.8436597756052017,0.5784750670194625,0.26518470858573917,0,1,0
25,"Erect vessel 073 at Unit 2 completed, 50%.",STA-L6-073,STA-L6-241,Erect vessel 241,static_equipment,Unit 2,0,0.0,0.6666666666666666,0.7139002680778503,1.0,1.0,0.5784750670194625,2,0.26518470858573917,0.8436597756052017,0.5784750670194625,0.26518470858573917,0,1,0
25,"Erect vessel 073 at Unit 2 completed, 50%.",STA-L6-073,STA-L6-101,Erect vessel 101,static_equipment,Unit 2,0,0.0,0.6666666666666666,0.7097367644309998,1.0,1.0,0.5774341911077499,3,0.2662255844974518,0.8436597756052017,0.5784750670194625,0.26518470858573917,0,1,0
25,"Erect vessel 073 at Unit 2 completed, 50%.",STA-L6-073,STA-L6-017,Erect vessel 017,static_equipment,Unit 2,0,0.0,0.6666666666666666,0.7946025133132935,1.0,0.94,0.5627315906286239,4,0.2809281849765778,0.8436597756052017,0.5784750670194625,0.26518470858573917,0,1,0
25,"Erect vessel 073 at Unit 2 completed, 50%.",STA-L6-073,STA-L6-087,Erect vessel 087,static_equipment,Unit 2,0,0.0,0.6666666666666666,0.7879618406295776,1.0,0.94,0.5611710325479506,5,0.282488743057251,0.8436597756052017,0.5784750670194625,0.26518470858573917,0,1,0
25,"Erect vessel 073 at Unit 2 completed, 50%.",STA-L6-073,STA-L6-024,Erect vessel 024,static_equipment,Unit 2,0,0.0,0.6666666666666666,0.7828563451766968,1.0,0.94,0.5599712411165236,6,0.28368853448867803,0.8436597756052017,0.5784750670194625,0.26518470858573917,0,1,0
25,"Erect vessel 073 at Unit 2 completed, 50%.",STA-L6-073,STA-L6-003,Erect vessel 003,static_equipment,Unit 2,0,0.0,0.6666666666666666,0.7818050384521484,1.0,0.94,0.5597241840362548,7,0.2839355915689469,0.8436597756052017,0.5784750670194625,0.26518470858573917,0,1,0
25,"Erect vessel 073 at Unit 2 completed, 50%.",STA-L6-073,STA-L6-052,Erect vessel 052,static_equipment,Unit 2,0,0.0,0.6666666666666666,0.7744487524032593,1.0,0.94,0.5579954568147658,8,0.28566431879043586,0.8436597756052017,0.5784750670194625,0.26518470858573917,0,1,0
25,"Erect vessel 073 at Unit 2 completed, 50%.",STA-L6-073,STA-L6-031,Erect vessel 031,static_equipment,Unit 2,0,0.0,0.6666666666666666,0.7640461921691895,1.0,0.94,0.5555508551597594,9,0.28810892044544223,0.8436597756052017,0.5784750670194625,0.26518470858573917,0,1,0
25,"Erect vessel 073 at Unit 2 completed, 50%.",STA-L6-073,STA-L6-080,Erect vessel 080,static_equipment,Unit 2,0,0.0,0.6666666666666666,0.7619979977607727,1.0,0.94,0.5550695294737815,10,0.28859024613142015,0.8436597756052017,0.5784750670194625,0.26518470858573917,0,1,0
25,"Erect vessel 073 at Unit 2 completed, 50%.",STA-L6-073,STA-L6-094,Erect vessel 094,static_equipment,Unit 2,0,0.0,0.6666666666666666,0.7618135213851929,1.0,0.94,0.5550261775255202,11,0.2886335980796815,0.8436597756052017,0.5784750670194625,0.26518470858573917,0,1,0
25,"Erect vessel 073 at Unit 2 completed, 50%.",STA-L6-073,STA-L6-038,Erect vessel 038,static_equipment,Unit 2,0,0.0,0.6666666666666666,0.7608560919761658,1.0,0.94,0.5548011816143988,12,0.2888585939908028,0.8436597756052017,0.5784750670194625,0.26518470858573917,0,1,0
25,"Erect vessel 073 at Unit 2 completed, 50%.",STA-L6-073,STA-L6-276,Erect vessel 276,static_equipment,Unit 2,0,0.0,0.6666666666666666,0.7533908486366272,1.0,0.94,0.5530468494296072,13,0.2906129261755944,0.8436597756052017,0.5784750670194625,0.26518470858573917,0,1,0
25,"Erect vessel 073 at Unit 2 completed, 50%.",STA-L6-073,STA-L6-059,Erect vessel 059,static_equipment,Unit 2,0,0.0,0.6666666666666666,0.7507644891738892,1.0,0.94,0.5524296549558638,14,0.29123012064933784,0.8436597756052017,0.5784750670194625,0.26518470858573917,0,1,0
25,"Erect vessel 073 at Unit 2 completed, 50%.",STA-L6-073,STA-L6-122,Erect vessel 122,static_equipment,Unit 2,0,0.0,0.6666666666666666,0.749447226524353,1.0,0.94,0.5521200982332228,15,0.29153967737197883,0.8436597756052017,0.5784750670194625,0.26518470858573917,0,1,0
25,"Erect vessel 073 at Unit 2 completed, 50%.",STA-L6-073,STA-L6-010,Erect vessel 010,static_equipment,Unit 2,0,0.0,0.6666666666666666,0.7486279010772705,1.0,0.94,0.5519275567531584,16,0.29173221885204326,0.8436597756052017,0.5784750670194625,0.26518470858573917,0,1,0
25,"Erect vessel 073 at Unit 2 completed, 50%.",STA-L6-073,STA-L6-045,Erect vessel 045,static_equipment,Unit 2,0,0.0,0.6666666666666666,0.7421829700469971,1.0,0.94,0.5504129979610441,17,0.2932467776441575,0.8436597756052017,0.5784750670194625,0.26518470858573917,0,1,0
25,"Erect vessel 073 at Unit 2 completed, 50%.",STA-L6-073,STA-L6-115,Erect vessel 115,static_equipment,Unit 2,0,0.0,0.6666666666666666,0.7417349815368652,1.0,0.94,0.5503077206611632,18,0.2933520549440385,0.8436597756052017,0.5784750670194625,0.26518470858573917,0,1,0
25,"Erect vessel 073 at Unit 2 completed, 50%.",STA-L6-073,STA-L6-234,Erect vessel 234,static_equipment,Unit 2,0,0.0,0.6666666666666666,0.7398948669433594,1.0,0.94,0.5498752937316893,19,0.29378448187351236,0.8436597756052017,0.5784750670194625,0.26518470858573917,0,1,0
25,"Erect vessel 073 at Unit 2 completed, 50%.",STA-L6-073,STA-L6-066,Erect vessel 066,static_equipment,Unit 2,0,0.0,0.6666666666666666,0.736930251121521,1.0,0.94,0.5491786090135573,20,0.29448116659164436,0.8436597756052017,0.5784750670194625,0.26518470858573917,0,1,0
26,"Calibrate transmitter 076 at Unit 2 completed, 100%.",INS-L6-076,INS-L6-076,Calibrate transmitter 076,instrumentation,Unit 2,1,0.82,1.0,0.8694392442703247,1.0,0.94,0.8585582224035262,1,0.0,0.8585582224035262,0.6048793882131576,0.25367883419036863,0,1,0
26,"Calibrate transmitter 076 at Unit 2 completed, 100%.",INS-L6-076,INS-L6-041,Calibrate transmitter 041,instrumentation,Unit 2,0,0.0,0.6666666666666666,0.8195175528526306,1.0,1.0,0.6048793882131576,2,0.25367883419036863,0.8585582224035262,0.6048793882131576,0.25367883419036863,0,1,0
26,"Calibrate transmitter 076 at Unit 2 completed, 100%.",INS-L6-076,INS-L6-181,Calibrate transmitter 181,instrumentation,Unit 2,0,0.0,0.6666666666666666,0.752072274684906,1.0,1.0,0.5880180686712264,3,0.2705401537322998,0.8585582224035262,0.6048793882131576,0.25367883419036863,0,1,0
26,"Calibrate transmitter 076 at Unit 2 completed, 100%.",INS-L6-076,INS-L6-062,Calibrate transmitter 062,instrumentation,Unit 2,0,0.0,0.6666666666666666,0.8667158484458923,1.0,0.94,0.5796782243847846,4,0.27887999801874164,0.8585582224035262,0.6048793882131576,0.25367883419036863,0,1,0
26,"Calibrate transmitter 076 at Unit 2 completed, 100%.",INS-L6-076,INS-L6-027,Calibrate transmitter 027,instrumentation,Unit 2,0,0.0,0.6666666666666666,0.8587101697921753,1.0,0.94,0.5777968899011611,5,0.2807613325023651,0.8585582224035262,0.6048793882131576,0.25367883419036863,0,1,0
26,"Calibrate transmitter 076 at Unit 2 completed, 100%.",INS-L6-076,INS-L6-006,Calibrate transmitter 006,instrumentation,Unit 2,0,0.0,0.6666666666666666,0.8556791543960571,1.0,0.94,0.5770846012830733,6,0.28147362112045293,0.8585582224035262,0.6048793882131576,0.25367883419036863,0,1,0
26,"Calibrate transmitter 076 at Unit 2 completed, 100%.",INS-L6-076,INS-L6-069,Calibrate transmitter 069,instrumentation,Unit 2,0,0.0,0.6666666666666666,0.846564531326294,1.0,0.94,0.574942664861679,7,0.2836155575418472,0.8585582224035262,0.6048793882131576,0.25367883419036863,0,1,0
26,"Calibrate transmitter 076 at Unit 2 completed, 100%.",INS-L6-076,INS-L6-020,Calibrate transmitter 020,instrumentation,Unit 2,0,0.0,0.6666666666666666,0.8417063355445862,1.0,0.94,0.5738009888529776,8,0.2847572335505486,0.8585582224035262,0.6048793882131576,0.25367883419036863,0,1,0
26,"Calibrate transmitter 076 at Unit 2 completed, 100%.",INS-L6-076,INS-L6-083,Calibrate transmitter 083,instrumentation,Unit 2,0,0.0,0.6666666666666666,0.827106773853302,1.0,0.94,0.5703700918555259,9,0.2881881305480003,0.8585582224035262,0.6048793882131576,0.25367883419036863,0,1,0
26,"Calibrate transmitter 076 at Unit 2 completed, 100%.",INS-L6-076,INS-L6-237,Calibrate transmitter 237,instrumentation,Unit 2,0,0.0,0.6666666666666666,0.8259056806564331,1.0,0.94,0.5700878349542616,10,0.28847038744926456,0.8585582224035262,0.6048793882131576,0.25367883419036863,0,1,0
26,"Calibrate transmitter 076 at Unit 2 completed, 100%.",INS-L6-076,INS-L6-013,Calibrate transmitter 013,instrumentation,Unit 2,0,0.0,0.6666666666666666,0.82334303855896,1.0,0.94,0.5694856140613554,11,0.28907260834217074,0.8585582224035262,0.6048793882131576,0.25367883419036863,0,1,0
26,"Calibrate transmitter 076 at Unit 2 completed, 100%.",INS-L6-076,INS-L6-048,Calibrate transmitter 048,instrumentation,Unit 2,0,0.0,0.6666666666666666,0.8195338249206543,1.0,0.94,0.5685904488563537,12,0.2899677735471725,0.8585582224035262,0.6048793882131576,0.25367883419036863,0,1,0
26,"Calibrate transmitter 076 at Unit 2 completed, 100%.",INS-L6-076,INS-L6-097,Calibrate transmitter 097,instrumentation,Unit 2,0,0.0,0.6666666666666666,0.8154993653297424,1.0,0.94,0.5676423508524894,13,0.2909158715510368,0.8585582224035262,0.6048793882131576,0.25367883419036863,0,1,0
26,"Calibrate transmitter 076 at Unit 2 completed, 100%.",INS-L6-076,INS-L6-118,Calibrate transmitter 118,instrumentation,Unit 2,0,0.0,0.6666666666666666,0.812805712223053,1.0,0.94,0.5670093423724173,14,0.2915488800311089,0.8585582224035262,0.6048793882131576,0.25367883419036863,0,1,0
26,"Calibrate transmitter 076 at Unit 2 completed, 100%.",INS-L6-076,INS-L6-034,Calibrate transmitter 034,instrumentation,Unit 2,0,0.0,0.6666666666666666,0.81256103515625,1.0,0.94,0.5669518432617187,15,0.29160637914180754,0.8585582224035262,0.6048793882131576,0.25367883419036863,0,1,0
26,"Calibrate transmitter 076 at Unit 2 completed, 100%.",INS-L6-076,INS-L6-202,Calibrate transmitter 202,instrumentation,Unit 2,0,0.0,0.6666666666666666,0.8103546500205994,1.0,0.94,0.5664333427548407,16,0.2921248796486855,0.8585582224035262,0.6048793882131576,0.25367883419036863,0,1,0
26,"Calibrate transmitter 076 at Unit 2 completed, 100%.",INS-L6-076,INS-L6-090,Calibrate transmitter 090,instrumentation,Unit 2,0,0.0,0.6666666666666666,0.8070594072341919,1.0,0.94,0.565658960700035,17,0.29289926170349123,0.8585582224035262,0.6048793882131576,0.25367883419036863,0,1,0
26,"Calibrate transmitter 076 at Unit 2 completed, 100%.",INS-L6-076,INS-L6-104,Calibrate transmitter 104,instrumentation,Unit 2,0,0.0,0.6666666666666666,0.802127480506897,1.0,0.94,0.5644999579191207,18,0.29405826448440553,0.8585582224035262,0.6048793882131576,0.25367883419036863,0,1,0
26,"Calibrate transmitter 076 at Unit 2 completed, 100%.",INS-L6-076,INS-L6-055,Calibrate transmitter 055,instrumentation,Unit 2,0,0.0,0.6666666666666666,0.7854366302490234,1.0,0.94,0.5605776081085204,19,0.2979806142950058,0.8585582224035262,0.6048793882131576,0.25367883419036863,0,1,0
26,"Calibrate transmitter 076 at Unit 2 completed, 100%.",INS-L6-076,INS-L6-195,Calibrate transmitter 195,instrumentation,Unit 2,0,0.0,0.6666666666666666,0.7812765836715698,1.0,0.94,0.5595999971628188,20,0.29895822524070736,0.8585582224035262,0.6048793882131576,0.25367883419036863,0,1,0
27,"Erect line 079 at R03 completed, 50%.",PIP-L6-079,PIP-L6-079,Erect line 079,piping,R03,1,0.82,1.0,0.79204261302948,1.0,0.94,0.8403700140619277,1,0.0,0.8403700140619277,0.5666185855865478,0.2737514284753799,0,1,1
27,"Erect line 079 at R03 completed, 50%.",PIP-L6-079,PIP-L6-261,Erect line 261,piping,R03,0,0.0,0.6666666666666666,0.6664743423461914,1.0,1.0,0.5666185855865478,2,0.2737514284753799,0.8403700140619277,0.5666185855865478,0.2737514284753799,0,1,1
27,"Erect line 079 at R03 completed, 50%.",PIP-L6-079,PIP-L6-121,Erect line 121,piping,R03,0,0.0,0.6666666666666666,0.6518586874008179,1.0,1.0,0.5629646718502044,3,0.2774053422117233,0.8403700140619277,0.5666185855865478,0.2737514284753799,0,1,1
27,"Erect line 079 at R03 completed, 50%.",PIP-L6-079,PIP-L6-030,Erect line 030,piping,R03,0,0.0,0.6666666666666666,0.7798404693603516,1.0,0.94,0.5592625102996825,4,0.28110750376224514,0.8403700140619277,0.5666185855865478,0.2737514284753799,0,1,1
27,"Erect line 079 at R03 completed, 50%.",PIP-L6-079,PIP-L6-093,Erect line 093,piping,R03,0,0.0,0.6666666666666666,0.7786824703216553,1.0,0.94,0.5589903805255889,5,0.28137963353633877,0.8403700140619277,0.5666185855865478,0.2737514284753799,0,1,1
27,"Erect line 079 at R03 completed, 50%.",PIP-L6-079,PIP-L6-072,Erect line 072,piping,R03,0,0.0,0.6666666666666666,0.777320146560669,1.0,0.94,0.5586702344417571,6,0.28169977962017057,0.8403700140619277,0.5666185855865478,0.2737514284753799,0,1,1
27,"Erect line 079 at R03 completed, 50%.",PIP-L6-079,PIP-L6-051,Erect line 051,piping,R03,0,0.0,0.6666666666666666,0.773343563079834,1.0,0.94,0.5577357373237609,7,0.28263427673816677,0.8403700140619277,0.5666185855865478,0.2737514284753799,0,1,1
27,"Erect line 079 at R03 completed, 50%.",PIP-L6-079,PIP-L6-016,Erect line 016,piping,R03,0,0.0,0.6666666666666666,0.7699209451675415,1.0,0.94,0.5569314221143722,8,0.2834385919475555,0.8403700140619277,0.5666185855865478,0.2737514284753799,0,1,1
27,"Erect line 079 at R03 completed, 50%.",PIP-L6-079,PIP-L6-037,Erect line 037,piping,R03,0,0.0,0.6666666666666666,0.7640604972839355,1.0,0.94,0.5555542168617248,9,0.2848157972002029,0.8403700140619277,0.5666185855865478,0.2737514284753799,0,1,1
27,"Erect line 079 at R03 completed, 50%.",PIP-L6-079,PIP-L6-009,Erect line 009,piping,R03,0,0.0,0.6666666666666666,0.7635197639465332,1.0,0.94,0.5554271445274351,10,0.28494286953449255,0.8403700140619277,0.5666185855865478,0.2737514284753799,0,1,1
27,"Erect line 079 at R03 completed, 50%.",PIP-L6-079,PIP-L6-023,Erect line 023,piping,R03,0,0.0,0.6666666666666666,0.7565240263938904,1.0,0.94,0.5537831462025641,11,0.2865868678593636,0.8403700140619277,0.5666185855865478,0.2737514284753799,0,1,1
27,"Erect line 079 at R03 completed, 50%.",PIP-L6-079,PIP-L6-058,Erect line 058,piping,R03,0,0.0,0.6666666666666666,0.7555381059646606,1.0,0.94,0.5535514549016951,12,0.2868185591602326,0.8403700140619277,0.5666185855865478,0.2737514284753799,0,1,1
27,"Erect line 079 at R03 completed, 50%.",PIP-L6-079,PIP-L6-044,Erect line 044,piping,R03,0,0.0,0.6666666666666666,0.7526321411132812,1.0,0.94,0.552868553161621,13,0.2875014609003067,0.8403700140619277,0.5666185855865478,0.2737514284753799,0,1,1
27,"Erect line 079 at R03 completed, 50%.",PIP-L6-079,PIP-L6-065,Erect line 065,piping,R03,0,0.0,0.6666666666666666,0.7519822120666504,1.0,0.94,0.5527158198356628,14,0.2876541942262649,0.8403700140619277,0.5666185855865478,0.2737514284753799,0,1,1
27,"Erect line 079 at R03 completed, 50%.",PIP-L6-079,PIP-L6-002,Erect line 002,piping,R03,0,0.0,0.6666666666666666,0.7492579221725464,1.0,0.94,0.5520756117105483,15,0.2882944023513794,0.8403700140619277,0.5666185855865478,0.2737514284753799,0,1,1
27,"Erect line 079 at R03 completed, 50%.",PIP-L6-079,PIP-L6-086,Erect line 086,piping,R03,0,0.0,0.6666666666666666,0.7391901016235352,1.0,0.94,0.5497096738815307,16,0.290660340180397,0.8403700140619277,0.5666185855865478,0.2737514284753799,0,1,1
27,"Erect line 079 at R03 completed, 50%.",PIP-L6-079,PIP-L6-233,Erect line 233,piping,R03,0,0.0,0.6666666666666666,0.7307637333869934,1.0,0.94,0.5477294773459433,17,0.29264053671598433,0.8403700140619277,0.5666185855865478,0.2737514284753799,0,1,1
27,"Erect line 079 at R03 completed, 50%.",PIP-L6-079,PIP-L6-100,Erect line 100,piping,R03,0,0.0,0.6666666666666666,0.7272313833236694,1.0,0.94,0.5468993750810622,18,0.29347063898086545,0.8403700140619277,0.5666185855865478,0.2737514284753799,0,1,1
27,"Erect line 079 at R03 completed, 50%.",PIP-L6-079,PIP-L6-247,Erect line 247,piping,R03,0,0.0,0.6666666666666666,0.707854151725769,1.0,0.94,0.5423457256555556,19,0.2980242884063721,0.8403700140619277,0.5666185855865478,0.2737514284753799,0,1,1
27,"Erect line 079 at R03 completed, 50%.",PIP-L6-079,PIP-L6-275,Erect line 275,piping,R03,0,0.0,0.6666666666666666,0.7064934968948364,1.0,0.94,0.5420259717702864,20,0.29834404229164124,0.8403700140619277,0.5666185855865478,0.2737514284753799,0,1,1
28,"Install cable tray 082 at rack 3 completed, 100%.",ELE-L6-082,ELE-L6-082,Install cable tray 082,electrical,R03,1,0.82,1.0,0.8148011565208435,1.0,0.94,0.8457182717823981,1,0.0,0.8457182717823981,0.6106086730957031,0.235109598686695,0,1,1
28,"Install cable tray 082 at rack 3 completed, 100%.",ELE-L6-082,ELE-L6-061,Install cable tray 061,electrical,R03,0,0.0,0.75,0.7924346923828125,1.0,1.0,0.6106086730957031,2,0.235109598686695,0.8457182717823981,0.6106086730957031,0.235109598686695,0,1,1
28,"Install cable tray 082 at rack 3 completed, 100%.",ELE-L6-082,ELE-L6-201,Install cable tray 201,electrical,R03,0,0.0,0.75,0.7834266424179077,1.0,1.0,0.6083566606044769,3,0.2373616111779212,0.8457182717823981,0.6106086730957031,0.235109598686695,0,1,1
28,"Install cable tray 082 at rack 3 completed, 100%.",ELE-L6-082,ELE-L6-026,Install cable tray 026,electrical,R03,0,0.0,0.75,0.8151804208755493,1.0,0.94,0.5793173989057541,4,0.26640087287664405,0.8457182717823981,0.6106086730957031,0.235109598686695,0,1,1
28,"Install cable tray 082 at rack 3 completed, 100%.",ELE-L6-082,ELE-L6-012,Install cable tray 012,electrical,R03,0,0.0,0.75,0.8135225772857666,1.0,0.94,0.5789278056621551,5,0.26679046612024304,0.8457182717823981,0.6106086730957031,0.235109598686695,0,1,1
28,"Install cable tray 082 at rack 3 completed, 100%.",ELE-L6-082,ELE-L6-019,Install cable tray 019,electrical,R03,0,0.0,0.75,0.8102059364318848,1.0,0.94,0.5781483950614928,6,0.26756987672090526,0.8457182717823981,0.6106086730957031,0.235109598686695,0,1,1
28,"Install cable tray 082 at rack 3 completed, 100%.",ELE-L6-082,ELE-L6-089,Install cable tray 089,electrical,R03,0,0.0,0.75,0.8095894455909729,1.0,0.94,0.5780035197138785,7,0.2677147520685196,0.8457182717823981,0.6106086730957031,0.235109598686695,0,1,1
28,"Install cable tray 082 at rack 3 completed, 100%.",ELE-L6-082,ELE-L6-096,Install cable tray 096,electrical,R03,0,0.0,0.75,0.8019154071807861,1.0,0.94,0.5762001206874847,8,0.2695181510949134,0.8457182717823981,0.6106086730957031,0.235109598686695,0,1,1
28,"Install cable tray 082 at rack 3 completed, 100%.",ELE-L6-082,ELE-L6-033,Install cable tray 033,electrical,R03,0,0.0,0.75,0.7986232042312622,1.0,0.94,0.5754264529943466,9,0.27029181878805153,0.8457182717823981,0.6106086730957031,0.235109598686695,0,1,1
28,"Install cable tray 082 at rack 3 completed, 100%.",ELE-L6-082,ELE-L6-068,Install cable tray 068,electrical,R03,0,0.0,0.75,0.7978030443191528,1.0,0.94,0.5752337154150009,10,0.2704845563673972,0.8457182717823981,0.6106086730957031,0.235109598686695,0,1,1
28,"Install cable tray 082 at rack 3 completed, 100%.",ELE-L6-082,ELE-L6-110,Install cable tray 110,electrical,R03,0,0.0,0.75,0.7955204844474792,1.0,0.94,0.5746973138451575,11,0.27102095793724057,0.8457182717823981,0.6106086730957031,0.235109598686695,0,1,1
28,"Install cable tray 082 at rack 3 completed, 100%.",ELE-L6-082,ELE-L6-075,Install cable tray 075,electrical,R03,0,0.0,0.75,0.7927298545837402,1.0,0.94,0.5740415158271789,12,0.27167675595521923,0.8457182717823981,0.6106086730957031,0.235109598686695,0,1,1
28,"Install cable tray 082 at rack 3 completed, 100%.",ELE-L6-082,ELE-L6-103,Install cable tray 103,electrical,R03,0,0.0,0.75,0.7851487398147583,1.0,0.94,0.5722599538564681,13,0.27345831792593,0.8457182717823981,0.6106086730957031,0.235109598686695,0,1,1
28,"Install cable tray 082 at rack 3 completed, 100%.",ELE-L6-082,ELE-L6-180,Install cable tray 180,electrical,R03,0,0.0,0.75,0.7811915278434753,1.0,0.94,0.5713300090432166,14,0.2743882627391815,0.8457182717823981,0.6106086730957031,0.235109598686695,0,1,1
28,"Install cable tray 082 at rack 3 completed, 100%.",ELE-L6-082,ELE-L6-054,Install cable tray 054,electrical,R03,0,0.0,0.75,0.7786478996276855,1.0,0.94,0.570732256412506,15,0.2749860153698921,0.8457182717823981,0.6106086730957031,0.235109598686695,0,1,1
28,"Install cable tray 082 at rack 3 completed, 100%.",ELE-L6-082,ELE-L6-222,Install cable tray 222,electrical,R03,0,0.0,0.75,0.778352677822113,1.0,0.94,0.5706628792881965,16,0.27505539249420163,0.8457182717823981,0.6106086730957031,0.235109598686695,0,1,1
28,"Install cable tray 082 at rack 3 completed, 100%.",ELE-L6-082,ELE-L6-236,Install cable tray 236,electrical,R03,0,0.0,0.75,0.7746185064315796,1.0,0.94,0.5697853490114212,17,0.2759329227709769,0.8457182717823981,0.6106086730957031,0.235109598686695,0,1,1
28,"Install cable tray 082 at rack 3 completed, 100%.",ELE-L6-082,ELE-L6-040,Install cable tray 040,electrical,R03,0,0.0,0.75,0.7736383676528931,1.0,0.94,0.5695550163984299,18,0.27616325538396824,0.8457182717823981,0.6106086730957031,0.235109598686695,0,1,1
28,"Install cable tray 082 at rack 3 completed, 100%.",ELE-L6-082,ELE-L6-208,Install cable tray 208,electrical,R03,0,0.0,0.75,0.772584855556488,1.0,0.94,0.5693074410557747,19,0.2764108307266234,0.8457182717823981,0.6106086730957031,0.235109598686695,0,1,1
28,"Install cable tray 082 at rack 3 completed, 100%.",ELE-L6-082,ELE-L6-005,Install cable tray 005,electrical,R03,0,0.0,0.75,0.7721141576766968,1.0,0.94,0.5691968270540236,20,0.2765214447283745,0.8457182717823981,0.6106086730957031,0.235109598686695,0,1,1
29,"Foundation 085 at Area A completed, 50%.",CIV-L6-085,CIV-L6-085,Foundation 085,civil,Area A,1,0.82,1.0,0.6610159873962402,0.5,0.94,0.6685787570381163,1,0.0,0.6685787570381163,0.40936898887157436,0.25920976816654195,0,0,0
29,"Foundation 085 at Area A completed, 50%.",CIV-L6-085,CIV-L6-001,Foundation 001,civil,Area A,0,0.0,0.75,0.5874759554862976,0.5,1.0,0.40936898887157436,2,0.25920976816654195,0.6685787570381163,0.40936898887157436,0.25920976816654195,0,0,0
29,"Foundation 085 at Area A completed, 50%.",CIV-L6-085,CIV-L6-141,Foundation 141,civil,Area A,0,0.0,0.75,0.5853894352912903,0.5,1.0,0.4088473588228225,3,0.2597313982152938,0.6685787570381163,0.40936898887157436,0.25920976816654195,0,0,0
29,"Foundation 085 at Area A completed, 50%.",CIV-L6-085,CIV-L6-120,Foundation 120,civil,Area A,0,0.0,0.75,0.6589000225067139,0.5,0.94,0.4015915052890777,4,0.2669872517490386,0.6685787570381163,0.40936898887157436,0.25920976816654195,0,0,0
29,"Foundation 085 at Area A completed, 50%.",CIV-L6-085,CIV-L6-176,Foundation 176,civil,Area A,0,0.0,0.75,0.6525012254714966,0.5,0.94,0.40008778798580164,5,0.2684909690523147,0.6685787570381163,0.40936898887157436,0.25920976816654195,0,0,0
29,"Foundation 085 at Area A completed, 50%.",CIV-L6-085,CIV-L6-050,Foundation 050,civil,Area A,0,0.0,0.75,0.6475131511688232,0.5,0.94,0.3989155905246734,6,0.2696631665134429,0.6685787570381163,0.40936898887157436,0.25920976816654195,0,0,0
29,"Foundation 085 at Area A completed, 50%.",CIV-L6-085,CIV-L6-057,Foundation 057,civil,Area A,0,0.0,0.75,0.6393990516662598,0.5,0.94,0.39700877714157096,7,0.27156997989654535,0.6685787570381163,0.40936898887157436,0.25920976816654195,0,0,0
29,"Foundation 085 at Area A completed, 50%.",CIV-L6-085,CIV-L6-078,Foundation 078,civil,Area A,0,0.0,0.75,0.6373589634895325,0.5,0.94,0.39652935642004006,8,0.27204940061807625,0.6685787570381163,0.40936898887157436,0.25920976816654195,0,0,0
29,"Foundation 085 at Area A completed, 50%.",CIV-L6-085,CIV-L6-204,Foundation 204,civil,Area A,0,0.0,0.75,0.6366734504699707,0.5,0.94,0.3963682608604431,9,0.27221049617767323,0.6685787570381163,0.40936898887157436,0.25920976816654195,0,0,0
29,"Foundation 085 at Area A completed, 50%.",CIV-L6-085,CIV-L6-225,Foundation 225,civil,Area A,0,0.0,0.75,0.6341756582260132,0.5,0.94,0.39578127968311305,10,0.27279747735500326,0.6685787570381163,0.40936898887157436,0.25920976816654195,0,0,0
29,"Foundation 085 at Area A completed, 50%.",CIV-L6-085,CIV-L6-071,Foundation 071,civil,Area A,0,0.0,0.75,0.6294330358505249,0.5,0.94,0.3946667634248733,11,0.27391199361324303,0.6685787570381163,0.40936898887157436,0.25920976816654195,0,0,0
29,"Foundation 085 at Area A completed, 50%.",CIV-L6-085,CIV-L6-092,Foundation 092,civil,Area A,0,0.0,0.75,0.6292634010314941,0.5,0.94,0.3946268992424011,12,0.27395185779571524,0.6685787570381163,0.40936898887157436,0.25920976816654195,0,0,0
29,"Foundation 085 at Area A completed, 50%.",CIV-L6-085,CIV-L6-015,Foundation 015,civil,Area A,0,0.0,0.75,0.6239979267120361,0.5,0.94,0.3933895127773284,13,0.2751892442607879,0.6685787570381163,0.40936898887157436,0.25920976816654195,0,0,0
29,"Foundation 085 at Area A completed, 50%.",CIV-L6-085,CIV-L6-008,Foundation 008,civil,Area A,0,0.0,0.75,0.623363733291626,0.5,0.94,0.39324047732353207,14,0.27533827971458424,0.6685787570381163,0.40936898887157436,0.25920976816654195,0,0,0
29,"Foundation 085 at Area A completed, 50%.",CIV-L6-085,CIV-L6-022,Foundation 022,civil,Area A,0,0.0,0.75,0.6101766228675842,0.5,0.94,0.39014150637388223,15,0.2784372506642341,0.6685787570381163,0.40936898887157436,0.25920976816654195,0,0,0
29,"Foundation 085 at Area A completed, 50%.",CIV-L6-085,CIV-L6-064,Foundation 064,civil,Area A,0,0.0,0.75,0.604909360408783,0.5,0.94,0.3889036996960639,16,0.2796750573420524,0.6685787570381163,0.40936898887157436,0.25920976816654195,0,0,0
29,"Foundation 085 at Area A completed, 50%.",CIV-L6-085,CIV-L6-155,Foundation 155,civil,Area A,0,0.0,0.75,0.6045104265213013,0.5,0.94,0.38880995023250575,17,0.27976880680561056,0.6685787570381163,0.40936898887157436,0.25920976816654195,0,0,0
29,"Foundation 085 at Area A completed, 50%.",CIV-L6-085,CIV-L6-260,Foundation 260,civil,Area A,0,0.0,0.75,0.6031699180603027,0.5,0.94,0.3884949307441711,18,0.28008382629394524,0.6685787570381163,0.40936898887157436,0.25920976816654195,0,0,0
29,"Foundation 085 at Area A completed, 50%.",CIV-L6-085,CIV-L6-218,Foundation 218,civil,Area A,0,0.0,0.75,0.602424144744873,0.5,0.94,0.3883196740150451,19,0.28025908302307123,0.6685787570381163,0.40936898887157436,0.25920976816654195,0,0,0
29,"Foundation 085 at Area A completed, 50%.",CIV-L6-085,CIV-L6-029,Foundation 029,civil,Area A,0,0.0,0.75,0.5998547673225403,0.5,0.94,0.3877158703207969,20,0.2808628867173194,0.6685787570381163,0.40936898887157436,0.25920976816654195,0,0,0
30,"Install pump 088 at Unit 2 completed, 100%.",ROT-L6-088,ROT-L6-088,Install pump 088,rotating_equipment,Unit 2,1,0.82,1.0,0.8348977565765381,1.0,0.94,0.8504409727954864,1,0.0,0.8504409727954864,0.604705461859703,0.24573551093578339,0,1,0
30,"Install pump 088 at Unit 2 completed, 100%.",ROT-L6-088,ROT-L6-081,Install pump 081,rotating_equipment,Unit 2,0,0.0,0.6666666666666666,0.8188218474388123,1.0,1.0,0.604705461859703,2,0.24573551093578339,0.8504409727954864,0.604705461859703,0.24573551093578339,0,1,0
30,"Install pump 088 at Unit 2 completed, 100%.",ROT-L6-088,ROT-L6-018,Install pump 018,rotating_equipment,Unit 2,0,0.0,0.6666666666666666,0.7789158821105957,1.0,0.94,0.5590452322959899,3,0.29139574049949646,0.8504409727954864,0.604705461859703,0.24573551093578339,0,1,0
30,"Install pump 088 at Unit 2 completed, 100%.",ROT-L6-088,ROT-L6-221,Install pump 221,rotating_equipment,Unit 2,0,0.0,0.6666666666666666,0.6234008073806763,1.0,1.0,0.555850201845169,4,0.2945907709503174,0.8504409727954864,0.604705461859703,0.24573551093578339,0,1,0
30,"Install pump 088 at Unit 2 completed, 100%.",ROT-L6-088,ROT-L6-060,Install pump 060,rotating_equipment,Unit 2,0,0.0,0.6666666666666666,0.7254476547241211,1.0,0.94,0.5464801988601683,5,0.30396077393531806,0.8504409727954864,0.604705461859703,0.24573551093578339,0,1,0
30,"Install pump 088 at Unit 2 completed, 100%.",ROT-L6-088,ROT-L6-074,Install pump 074,rotating_equipment,Unit 2,0,0.0,0.6666666666666666,0.7217366099357605,1.0,0.94,0.5456081033349036,6,0.30483286946058274,0.8504409727954864,0.604705461859703,0.24573551093578339,0,1,0
30,"Install pump 088 at Unit 2 completed, 100%.",ROT-L6-088,ROT-L6-025,Install pump 025,rotating_equipment,Unit 2,0,0.0,0.6666666666666666,0.7190939784049988,1.0,0.94,0.5449870849251746,7,0.3054538878703118,0.8504409727954864,0.604705461859703,0.24573551093578339,0,1,0
30,"Install pump 088 at Unit 2 completed, 100%.",ROT-L6-088,ROT-L6-004,Install pump 004,rotating_equipment,Unit 2,0,0.0,0.6666666666666666,0.708665132522583,1.0,0.94,0.5425363061428069,8,0.30790466665267946,0.8504409727954864,0.604705461859703,0.24573551093578339,0,1,0
30,"Install pump 088 at Unit 2 completed, 100%.",ROT-L6-088,ROT-L6-095,Install pump 095,rotating_equipment,Unit 2,0,0.0,0.6666666666666666,0.7060660719871521,1.0,0.94,0.5419255269169806,9,0.30851544587850577,0.8504409727954864,0.604705461859703,0.24573551093578339,0,1,0
30,"Install pump 088 at Unit 2 completed, 100%.",ROT-L6-088,ROT-L6-067,Install pump 067,rotating_equipment,Unit 2,0,0.0,0.6666666666666666,0.7034878730773926,1.0,0.94,0.5413196501731872,10,0.3091213226222992,0.8504409727954864,0.604705461859703,0.24573551093578339,0,1,0
30,"Install pump 088 at Unit 2 completed, 100%.",ROT-L6-088,ROT-L6-039,Install pump 039,rotating_equipment,Unit 2,0,0.0,0.6666666666666666,0.6748025417327881,1.0,0.94,0.5345785973072051,11,0.3158623754882812,0.8504409727954864,0.604705461859703,0.24573551093578339,0,1,0
30,"Install pump 088 at Unit 2 completed, 100%.",ROT-L6-088,ROT-L6-032,Install pump 032,rotating_equipment,Unit 2,0,0.0,0.6666666666666666,0.674246072769165,1.0,0.94,0.5344478271007537,12,0.3159931456947327,0.8504409727954864,0.604705461859703,0.24573551093578339,0,1,0
30,"Install pump 088 at Unit 2 completed, 100%.",ROT-L6-088,ROT-L6-011,Install pump 011,rotating_equipment,Unit 2,0,0.0,0.6666666666666666,0.671696126461029,1.0,0.94,0.5338485897183417,13,0.31659238307714466,0.8504409727954864,0.604705461859703,0.24573551093578339,0,1,0
30,"Install pump 088 at Unit 2 completed, 100%.",ROT-L6-088,ROT-L6-200,Install pump 200,rotating_equipment,Unit 2,0,0.0,0.6666666666666666,0.6680387854576111,1.0,0.94,0.5329891145825385,14,0.31745185821294786,0.8504409727954864,0.604705461859703,0.24573551093578339,0,1,0
30,"Install pump 088 at Unit 2 completed, 100%.",ROT-L6-088,ROT-L6-102,Install pump 102,rotating_equipment,Unit 2,0,0.0,0.6666666666666666,0.6471320986747742,1.0,0.94,0.5280760431885718,15,0.32236492960691454,0.8504409727954864,0.604705461859703,0.24573551093578339,0,1,0
30,"Install pump 088 at Unit 2 completed, 100%.",ROT-L6-088,ROT-L6-242,Install pump 242,rotating_equipment,Unit 2,0,0.0,0.6666666666666666,0.6370770931243896,1.0,0.94,0.5257131168842315,16,0.32472785591125486,0.8504409727954864,0.604705461859703,0.24573551093578339,0,1,0
30,"Install pump 088 at Unit 2 completed, 100%.",ROT-L6-088,ROT-L6-046,Install pump 046,rotating_equipment,Unit 2,0,0.0,0.6666666666666666,0.618674635887146,1.0,0.94,0.5213885394334792,17,0.3290524333620072,0.8504409727954864,0.604705461859703,0.24573551093578339,0,1,0
30,"Install pump 088 at Unit 2 completed, 100%.",ROT-L6-088,ROT-L6-158,Install pump 158,rotating_equipment,Unit 2,0,0.0,0.6666666666666666,0.6185957193374634,1.0,0.94,0.5213699940443037,18,0.32907097875118263,0.8504409727954864,0.604705461859703,0.24573551093578339,0,1,0
30,"Install pump 088 at Unit 2 completed, 100%.",ROT-L6-088,ROT-L6-123,Install pump 123,rotating_equipment,Unit 2,0,0.0,0.6666666666666666,0.6168020963668823,1.0,0.94,0.5209484926462172,19,0.32949248014926913,0.8504409727954864,0.604705461859703,0.24573551093578339,0,1,0
30,"Install pump 088 at Unit 2 completed, 100%.",ROT-L6-088,ROT-L6-053,Install pump 053,rotating_equipment,Unit 2,0,0.0,0.6666666666666666,0.6115168929100037,1.0,0.94,0.5197064698338507,20,0.33073450296163565,0.8504409727954864,0.604705461859703,0.24573551093578339,0,1,0
31,"Unknown work package ZZ-030 at offshore platform, 20%.",,PIP-L6-030,Erect line 030,piping,R03,0,0.82,0.3333333333333333,0.35927343368530273,0.5,0.94,0.503669256916046,1,0.0,0.503669256916046,0.29642686369553417,0.20724239322051186,0,0,0
31,"Unknown work package ZZ-030 at offshore platform, 20%.",,CIV-L6-001,Foundation 001,civil,Area A,0,0.0,0.16901408450704225,0.4842990040779114,0.5,1.0,0.29642686369553417,2,0.20724239322051186,0.503669256916046,0.29642686369553417,0.20724239322051186,0,0,0
31,"Unknown work package ZZ-030 at offshore platform, 20%.",,CIV-L6-036,Foundation 036,civil,Area A,0,0.0,0.16901408450704225,0.5006769299507141,0.5,0.94,0.2824900644539107,3,0.2211791924621353,0.503669256916046,0.29642686369553417,0.20724239322051186,0,0,0
31,"Unknown work package ZZ-030 at offshore platform, 20%.",,HSE-L6-021,Safety inspection 021,hse,Site,0,0.0,0.12987012987012986,0.4407690763473511,0.5,1.0,0.2796727885673572,4,0.2239964683486888,0.503669256916046,0.29642686369553417,0.20724239322051186,0,0,0
31,"Unknown work package ZZ-030 at offshore platform, 20%.",,CIV-L6-043,Foundation 043,civil,Area A,0,0.0,0.16901408450704225,0.4874216914176941,0.5,0.94,0.279375083398651,5,0.224294173517395,0.503669256916046,0.29642686369553417,0.20724239322051186,0,0,0
31,"Unknown work package ZZ-030 at offshore platform, 20%.",,CIV-L6-015,Foundation 015,civil,Area A,0,0.0,0.14084507042253522,0.5041540861129761,0.5,0.94,0.27933536516612684,6,0.2243338917499192,0.503669256916046,0.29642686369553417,0.20724239322051186,0,0,0
31,"Unknown work package ZZ-030 at offshore platform, 20%.",,CIV-L6-092,Foundation 092,civil,Area A,0,0.0,0.16901408450704225,0.4835812449455261,0.5,0.94,0.2784725784776916,7,0.22519667843835445,0.503669256916046,0.29642686369553417,0.20724239322051186,0,0,0
31,"Unknown work package ZZ-030 at offshore platform, 20%.",,CIV-L6-022,Foundation 022,civil,Area A,0,0.0,0.16901408450704225,0.48255085945129395,0.5,0.94,0.278230437886547,8,0.22543881902949903,0.503669256916046,0.29642686369553417,0.20724239322051186,0,0,0
31,"Unknown work package ZZ-030 at offshore platform, 20%.",,CIV-L6-008,Foundation 008,civil,Area A,0,0.0,0.16901408450704225,0.4824240505695343,0.5,0.94,0.2782006377993335,9,0.2254686191167125,0.503669256916046,0.29642686369553417,0.20724239322051186,0,0,0
31,"Unknown work package ZZ-030 at offshore platform, 20%.",,CIV-L6-029,Foundation 029,civil,Area A,0,0.0,0.16901408450704225,0.4819588363170624,0.5,0.94,0.27809131245000257,10,0.22557794446604346,0.503669256916046,0.29642686369553417,0.20724239322051186,0,0,0
31,"Unknown work package ZZ-030 at offshore platform, 20%.",,CIV-L6-050,Foundation 050,civil,Area A,0,0.0,0.16901408450704225,0.47722873091697693,0.5,0.94,0.2769797376809825,11,0.22668951923506353,0.503669256916046,0.29642686369553417,0.20724239322051186,0,0,0
31,"Unknown work package ZZ-030 at offshore platform, 20%.",,CIV-L6-078,Foundation 078,civil,Area A,0,0.0,0.14084507042253522,0.48027274012565613,0.5,0.94,0.27372324885910665,12,0.22994600805693938,0.503669256916046,0.29642686369553417,0.20724239322051186,0,0,0
31,"Unknown work package ZZ-030 at offshore platform, 20%.",,CIV-L6-085,Foundation 085,civil,Area A,0,0.0,0.14084507042253522,0.4792948365211487,0.5,0.94,0.2734934415120474,13,0.23017581540399862,0.503669256916046,0.29642686369553417,0.20724239322051186,0,0,0
31,"Unknown work package ZZ-030 at offshore platform, 20%.",,CIV-L6-071,Foundation 071,civil,Area A,0,0.0,0.14084507042253522,0.4782474637031555,0.5,0.94,0.27324730889981896,14,0.23042194801622706,0.503669256916046,0.29642686369553417,0.20724239322051186,0,0,0
31,"Unknown work package ZZ-030 at offshore platform, 20%.",,CIV-L6-064,Foundation 064,civil,Area A,0,0.0,0.14084507042253522,0.4746730923652649,0.5,0.94,0.2724073316354147,15,0.23126192528063133,0.503669256916046,0.29642686369553417,0.20724239322051186,0,0,0
31,"Unknown work package ZZ-030 at offshore platform, 20%.",,CIV-L6-099,Foundation 099,civil,Area A,0,0.0,0.14084507042253522,0.462973415851593,0.5,0.94,0.2696579076547018,16,0.2340113492613442,0.503669256916046,0.29642686369553417,0.20724239322051186,0,0,0
31,"Unknown work package ZZ-030 at offshore platform, 20%.",,HSE-L6-203,Safety inspection 203,hse,Site,0,0.0,0.18181818181818182,0.4375916123390198,0.5,0.94,0.2694703925360332,17,0.2341988643800128,0.503669256916046,0.29642686369553417,0.20724239322051186,0,0,0
31,"Unknown work package ZZ-030 at offshore platform, 20%.",,CIV-L6-057,Foundation 057,civil,Area A,0,0.0,0.14084507042253522,0.4609469175338745,0.5,0.94,0.26918168055003794,18,0.2344875763660081,0.503669256916046,0.29642686369553417,0.20724239322051186,0,0,0
31,"Unknown work package ZZ-030 at offshore platform, 20%.",,CIV-L6-204,Foundation 204,civil,Area A,0,0.0,0.16901408450704225,0.44236433506011963,0.5,0.94,0.26878660465462106,19,0.23488265226142496,0.503669256916046,0.29642686369553417,0.20724239322051186,0,0,0
31,"Unknown work package ZZ-030 at offshore platform, 20%.",,CIV-L6-239,Foundation 239,civil,Area A,0,0.0,0.14084507042253522,0.45899683237075806,0.5,0.94,0.26872341053670556,20,0.23494584637934046,0.503669256916046,0.29642686369553417,0.20724239322051186,0,0,0
32,"Install vessel 094 at Unit 2 completed, 100%.",STA-L6-094,STA-L6-094,Erect vessel 094,static_equipment,Unit 2,1,0.82,0.6666666666666666,0.5204110145568848,1.0,0.94,0.7295365884208678,1,0.0,0.7295365884208678,0.7000290360228489,0.029507552398018833,0,1,0
32,"Install vessel 094 at Unit 2 completed, 100%.",STA-L6-094,STA-L6-101,Erect vessel 101,static_equipment,Unit 2,0,0.82,0.3728813559322034,0.392387330532074,1.0,1.0,0.7000290360228489,2,0.029507552398018833,0.7295365884208678,0.7000290360228489,0.029507552398018833,0,1,0
32,"Install vessel 094 at Unit 2 completed, 100%.",STA-L6-094,STA-L6-241,Erect vessel 241,static_equipment,Unit 2,0,0.82,0.3728813559322034,0.3864917457103729,1.0,1.0,0.6985551398174237,3,0.030981448603444095,0.7295365884208678,0.7000290360228489,0.029507552398018833,0,1,0
32,"Install vessel 094 at Unit 2 completed, 100%.",STA-L6-094,STA-L6-045,Erect vessel 045,static_equipment,Unit 2,0,0.82,0.3728813559322034,0.48114416003227234,1.0,0.94,0.6788851487940246,4,0.05065143962684315,0.7295365884208678,0.7000290360228489,0.029507552398018833,0,1,0
32,"Install vessel 094 at Unit 2 completed, 100%.",STA-L6-094,STA-L6-080,Erect vessel 080,static_equipment,Unit 2,0,0.82,0.3728813559322034,0.471299946308136,1.0,0.94,0.6765717585688525,5,0.05296482985201523,0.7295365884208678,0.7000290360228489,0.029507552398018833,0,1,0
32,"Install vessel 094 at Unit 2 completed, 100%.",STA-L6-094,STA-L6-059,Erect vessel 059,static_equipment,Unit 2,0,0.82,0.3728813559322034,0.46450138092041016,1.0,0.94,0.6749740957027369,6,0.05456249271813085,0.7295365884208678,0.7000290360228489,0.029507552398018833,0,1,0
32,"Install vessel 094 at Unit 2 completed, 100%.",STA-L6-094,STA-L6-010,Erect vessel 010,static_equipment,Unit 2,0,0.82,0.4067796610169492,0.44065067172050476,1.0,0.94,0.6741488400577084,7,0.055387748363159406,0.7295365884208678,0.7000290360228489,0.029507552398018833,0,1,0
32,"Install vessel 094 at Unit 2 completed, 100%.",STA-L6-094,STA-L6-024,Erect vessel 024,static_equipment,Unit 2,0,0.82,0.3728813559322034,0.4553421139717102,1.0,0.94,0.6728216679697925,8,0.05671492045107529,0.7295365884208678,0.7000290360228489,0.029507552398018833,0,1,0
32,"Install vessel 094 at Unit 2 completed, 100%.",STA-L6-094,STA-L6-017,Erect vessel 017,static_equipment,Unit 2,0,0.82,0.3728813559322034,0.44049620628356934,1.0,0.94,0.6693328796630794,9,0.060203708757788355,0.7295365884208678,0.7000290360228489,0.029507552398018833,0,1,0
32,"Install vessel 094 at Unit 2 completed, 100%.",STA-L6-094,STA-L6-087,Erect vessel 087,static_equipment,Unit 2,0,0.82,0.3389830508474576,0.45913341641426086,1.0,0.94,0.6689329630268427,10,0.060603625394025085,0.7295365884208678,0.7000290360228489,0.029507552398018833,0,1,0
32,"Install vessel 094 at Unit 2 completed, 100%.",STA-L6-094,STA-L6-003,Erect vessel 003,static_equipment,Unit 2,0,0.82,0.3728813559322034,0.4235434830188751,1.0,0.94,0.6653489896958762,11,0.06418759872499158,0.7295365884208678,0.7000290360228489,0.029507552398018833,0,1,0
32,"Install vessel 094 at Unit 2 completed, 100%.",STA-L6-094,STA-L6-199,Erect vessel 199,static_equipment,Unit 2,0,0.82,0.3389830508474576,0.4381842017173767,1.0,0.94,0.6640098975730749,12,0.06552669084779283,0.7295365884208678,0.7000290360228489,0.029507552398018833,0,1,0
32,"Install vessel 094 at Unit 2 completed, 100%.",STA-L6-094,STA-L6-052,Erect vessel 052,static_equipment,Unit 2,0,0.82,0.3728813559322034,0.41589558124542236,1.0,0.94,0.6635517327791148,13,0.06598485564175294,0.7295365884208678,0.7000290360228489,0.029507552398018833,0,1,0
32,"Install vessel 094 at Unit 2 completed, 100%.",STA-L6-094,STA-L6-220,Erect vessel 220,static_equipment,Unit 2,0,0.82,0.3389830508474576,0.4349263310432434,1.0,0.94,0.6632442979646536,14,0.06629229045621421,0.7295365884208678,0.7000290360228489,0.029507552398018833,0,1,0
32,"Install vessel 094 at Unit 2 completed, 100%.",STA-L6-094,STA-L6-213,Erect vessel 213,static_equipment,Unit 2,0,0.82,0.3728813559322034,0.413046658039093,1.0,0.94,0.6628822358256274,15,0.06665435259524033,0.7295365884208678,0.7000290360228489,0.029507552398018833,0,1,0
32,"Install vessel 094 at Unit 2 completed, 100%.",STA-L6-094,STA-L6-031,Erect vessel 031,static_equipment,Unit 2,0,0.82,0.3728813559322034,0.40916377305984497,1.0,0.94,0.6619697578555042,16,0.06756683056536361,0.7295365884208678,0.7000290360228489,0.029507552398018833,0,1,0
32,"Install vessel 094 at Unit 2 completed, 100%.",STA-L6-094,STA-L6-192,Erect vessel 192,static_equipment,Unit 2,0,0.82,0.3728813559322034,0.40599942207336426,1.0,0.94,0.6612261353736811,17,0.06831045304718664,0.7295365884208678,0.7000290360228489,0.029507552398018833,0,1,0
32,"Install vessel 094 at Unit 2 completed, 100%.",STA-L6-094,STA-L6-276,Erect vessel 276,static_equipment,Unit 2,0,0.82,0.3389830508474576,0.42616909742355347,1.0,0.94,0.6611863480640264,18,0.06835024035684134,0.7295365884208678,0.7000290360228489,0.029507552398018833,0,1,0
32,"Install vessel 094 at Unit 2 completed, 100%.",STA-L6-094,STA-L6-108,Erect vessel 108,static_equipment,Unit 2,0,0.82,0.3728813559322034,0.3987901508808136,1.0,0.94,0.6595319566434318,19,0.07000463177743599,0.7295365884208678,0.7000290360228489,0.029507552398018833,0,1,0
32,"Install vessel 094 at Unit 2 completed, 100%.",STA-L6-094,STA-L6-038,Erect vessel 038,static_equipment,Unit 2,0,0.82,0.3389830508474576,0.41911083459854126,1.0,0.94,0.6595276563001486,20,0.07000893212071913,0.7295365884208678,0.7000290360228489,0.029507552398018833,0,1,0
33,"Calibrate transmitter 097 at Unit 2 completed, 50%.",INS-L6-097,INS-L6-097,Calibrate transmitter 097,instrumentation,Unit 2,1,0.82,1.0,0.8559675812721252,1.0,0.94,0.8553923815989494,1,0.0,0.8553923815989494,0.6013897001743316,0.2540026814246178,0,1,0
33,"Calibrate transmitter 097 at Unit 2 completed, 50%.",INS-L6-097,INS-L6-041,Calibrate transmitter 041,instrumentation,Unit 2,0,0.0,0.6666666666666666,0.8055588006973267,1.0,1.0,0.6013897001743316,2,0.2540026814246178,0.8553923815989494,0.6013897001743316,0.2540026814246178,0,1,0
33,"Calibrate transmitter 097 at Unit 2 completed, 50%.",INS-L6-097,INS-L6-181,Calibrate transmitter 181,instrumentation,Unit 2,0,0.0,0.6666666666666666,0.745732307434082,1.0,1.0,0.5864330768585204,3,0.26895930474042895,0.8553923815989494,0.6013897001743316,0.2540026814246178,0,1,0
33,"Calibrate transmitter 097 at Unit 2 completed, 50%.",INS-L6-097,INS-L6-090,Calibrate transmitter 090,instrumentation,Unit 2,0,0.0,0.6756756756756757,0.8463557362556458,1.0,0.94,0.576163868290347,4,0.2792285133086023,0.8553923815989494,0.6013897001743316,0.2540026814246178,0,1,0
33,"Calibrate transmitter 097 at Unit 2 completed, 50%.",INS-L6-097,INS-L6-027,Calibrate transmitter 027,instrumentation,Unit 2,0,0.0,0.6666666666666666,0.841137170791626,1.0,0.94,0.573667235136032,5,0.28172514646291735,0.8553923815989494,0.6013897001743316,0.2540026814246178,0,1,0
33,"Calibrate transmitter 097 at Unit 2 completed, 50%.",INS-L6-097,INS-L6-076,Calibrate transmitter 076,instrumentation,Unit 2,0,0.0,0.6666666666666666,0.8288497924804688,1.0,0.94,0.57077970123291,6,0.2846126803660394,0.8553923815989494,0.6013897001743316,0.2540026814246178,0,1,0
33,"Calibrate transmitter 097 at Unit 2 completed, 50%.",INS-L6-097,INS-L6-237,Calibrate transmitter 237,instrumentation,Unit 2,0,0.0,0.6666666666666666,0.8287256360054016,1.0,0.94,0.5707505244612693,7,0.2846418571376801,0.8553923815989494,0.6013897001743316,0.2540026814246178,0,1,0
33,"Calibrate transmitter 097 at Unit 2 completed, 50%.",INS-L6-097,INS-L6-083,Calibrate transmitter 083,instrumentation,Unit 2,0,0.0,0.6666666666666666,0.8249045610427856,1.0,0.94,0.5698525718450546,8,0.2855398097538948,0.8553923815989494,0.6013897001743316,0.2540026814246178,0,1,0
33,"Calibrate transmitter 097 at Unit 2 completed, 50%.",INS-L6-097,INS-L6-062,Calibrate transmitter 062,instrumentation,Unit 2,0,0.0,0.6666666666666666,0.8215100169181824,1.0,0.94,0.5690548539757727,9,0.28633752762317666,0.8553923815989494,0.6013897001743316,0.2540026814246178,0,1,0
33,"Calibrate transmitter 097 at Unit 2 completed, 50%.",INS-L6-097,INS-L6-048,Calibrate transmitter 048,instrumentation,Unit 2,0,0.0,0.6666666666666666,0.8140401840209961,1.0,0.94,0.567299443244934,10,0.2880929383540154,0.8553923815989494,0.6013897001743316,0.2540026814246178,0,1,0
33,"Calibrate transmitter 097 at Unit 2 completed, 50%.",INS-L6-097,INS-L6-020,Calibrate transmitter 020,instrumentation,Unit 2,0,0.0,0.6756756756756757,0.8062905073165894,1.0,0.94,0.5667485394896687,11,0.2886438421092806,0.8553923815989494,0.6013897001743316,0.2540026814246178,0,1,0
33,"Calibrate transmitter 097 at Unit 2 completed, 50%.",INS-L6-097,INS-L6-069,Calibrate transmitter 069,instrumentation,Unit 2,0,0.0,0.6666666666666666,0.8099363446235657,1.0,0.94,0.5663350409865379,12,0.2890573406124115,0.8553923815989494,0.6013897001743316,0.2540026814246178,0,1,0
33,"Calibrate transmitter 097 at Unit 2 completed, 50%.",INS-L6-097,INS-L6-013,Calibrate transmitter 013,instrumentation,Unit 2,0,0.0,0.6666666666666666,0.8076381087303162,1.0,0.94,0.5657949555516242,13,0.2895974260473252,0.8553923815989494,0.6013897001743316,0.2540026814246178,0,1,0
33,"Calibrate transmitter 097 at Unit 2 completed, 50%.",INS-L6-097,INS-L6-055,Calibrate transmitter 055,instrumentation,Unit 2,0,0.0,0.6666666666666666,0.7969541549682617,1.0,0.94,0.5632842264175414,14,0.292108155181408,0.8553923815989494,0.6013897001743316,0.2540026814246178,0,1,0
33,"Calibrate transmitter 097 at Unit 2 completed, 50%.",INS-L6-097,INS-L6-118,Calibrate transmitter 118,instrumentation,Unit 2,0,0.0,0.6666666666666666,0.7921477556228638,1.0,0.94,0.5621547225713729,15,0.2932376590275765,0.8553923815989494,0.6013897001743316,0.2540026814246178,0,1,0
33,"Calibrate transmitter 097 at Unit 2 completed, 50%.",INS-L6-097,INS-L6-034,Calibrate transmitter 034,instrumentation,Unit 2,0,0.0,0.6666666666666666,0.7906910181045532,1.0,0.94,0.5618123892545699,16,0.2935799923443795,0.8553923815989494,0.6013897001743316,0.2540026814246178,0,1,0
33,"Calibrate transmitter 097 at Unit 2 completed, 50%.",INS-L6-097,INS-L6-104,Calibrate transmitter 104,instrumentation,Unit 2,0,0.0,0.6666666666666666,0.7899922132492065,1.0,0.94,0.5616481701135634,17,0.293744211485386,0.8553923815989494,0.6013897001743316,0.2540026814246178,0,1,0
33,"Calibrate transmitter 097 at Unit 2 completed, 50%.",INS-L6-097,INS-L6-272,Calibrate transmitter 272,instrumentation,Unit 2,0,0.0,0.6666666666666666,0.7851136922836304,1.0,0.94,0.560501717686653,18,0.29489066391229635,0.8553923815989494,0.6013897001743316,0.2540026814246178,0,1,0
33,"Calibrate transmitter 097 at Unit 2 completed, 50%.",INS-L6-097,INS-L6-202,Calibrate transmitter 202,instrumentation,Unit 2,0,0.0,0.6666666666666666,0.784990668296814,1.0,0.94,0.5604728070497512,19,0.29491957454919815,0.8553923815989494,0.6013897001743316,0.2540026814246178,0,1,0
33,"Calibrate transmitter 097 at Unit 2 completed, 50%.",INS-L6-097,INS-L6-006,Calibrate transmitter 006,instrumentation,Unit 2,0,0.0,0.6666666666666666,0.7812785506248474,1.0,0.94,0.559600459396839,20,0.29579192220211037,0.8553923815989494,0.6013897001743316,0.2540026814246178,0,1,0
34,"Erect line 100 at rack 3 completed, 100%.",PIP-L6-100,PIP-L6-100,Erect line 100,piping,R03,1,0.82,1.0,0.7107820510864258,1.0,0.94,0.82127378200531,1,0.0,0.82127378200531,0.5276934891939162,0.29358029281139375,0,1,1
34,"Erect line 100 at rack 3 completed, 100%.",PIP-L6-100,PIP-L6-121,Erect line 121,piping,R03,0,0.0,0.6666666666666666,0.5107739567756653,1.0,1.0,0.5276934891939162,2,0.29358029281139375,0.82127378200531,0.5276934891939162,0.29358029281139375,0,1,1
34,"Erect line 100 at rack 3 completed, 100%.",PIP-L6-100,PIP-L6-261,Erect line 261,piping,R03,0,0.0,0.6666666666666666,0.487045556306839,1.0,1.0,0.5217613890767097,3,0.2995123929286003,0.82127378200531,0.5276934891939162,0.29358029281139375,0,1,1
34,"Erect line 100 at rack 3 completed, 100%.",PIP-L6-100,PIP-L6-170,Erect line 170,piping,R03,0,0.0,0.6666666666666666,0.6036975979804993,1.0,0.94,0.5178689355254172,4,0.30340484647989274,0.82127378200531,0.5276934891939162,0.29358029281139375,0,1,1
34,"Erect line 100 at rack 3 completed, 100%.",PIP-L6-100,PIP-L6-275,Erect line 275,piping,R03,0,0.0,0.6666666666666666,0.5933655500411987,1.0,0.94,0.5154409042596816,5,0.3058328777456284,0.82127378200531,0.5276934891939162,0.29358029281139375,0,1,1
34,"Erect line 100 at rack 3 completed, 100%.",PIP-L6-100,PIP-L6-149,Erect line 149,piping,R03,0,0.0,0.6666666666666666,0.5890195965766907,1.0,0.94,0.5144196051955222,6,0.30685417680978777,0.82127378200531,0.5276934891939162,0.29358029281139375,0,1,1
34,"Erect line 100 at rack 3 completed, 100%.",PIP-L6-100,PIP-L6-002,Erect line 002,piping,R03,0,0.0,0.6666666666666666,0.5839856863021851,1.0,0.94,0.5132366362810133,7,0.30803714572429663,0.82127378200531,0.5276934891939162,0.29358029281139375,0,1,1
34,"Erect line 100 at rack 3 completed, 100%.",PIP-L6-100,PIP-L6-240,Erect line 240,piping,R03,0,0.0,0.6666666666666666,0.5802115201950073,1.0,0.94,0.5123497072458266,8,0.30892407475948336,0.82127378200531,0.5276934891939162,0.29358029281139375,0,1,1
34,"Erect line 100 at rack 3 completed, 100%.",PIP-L6-100,PIP-L6-030,Erect line 030,piping,R03,0,0.0,0.6666666666666666,0.5776867866516113,1.0,0.94,0.5117563948631285,9,0.30951738714218147,0.82127378200531,0.5276934891939162,0.29358029281139375,0,1,1
34,"Erect line 100 at rack 3 completed, 100%.",PIP-L6-100,PIP-L6-044,Erect line 044,piping,R03,0,0.0,0.6666666666666666,0.5748510956764221,1.0,0.94,0.511090007483959,10,0.31018377452135093,0.82127378200531,0.5276934891939162,0.29358029281139375,0,1,1
34,"Erect line 100 at rack 3 completed, 100%.",PIP-L6-100,PIP-L6-212,Erect line 212,piping,R03,0,0.0,0.6666666666666666,0.5732288956642151,1.0,0.94,0.5107087904810904,11,0.31056499152421957,0.82127378200531,0.5276934891939162,0.29358029281139375,0,1,1
34,"Erect line 100 at rack 3 completed, 100%.",PIP-L6-100,PIP-L6-128,Erect line 128,piping,R03,0,0.0,0.6666666666666666,0.5697509050369263,1.0,0.94,0.5098914626836776,12,0.3113823193216324,0.82127378200531,0.5276934891939162,0.29358029281139375,0,1,1
34,"Erect line 100 at rack 3 completed, 100%.",PIP-L6-100,PIP-L6-009,Erect line 009,piping,R03,0,0.0,0.6666666666666666,0.5695743560791016,1.0,0.94,0.5098499736785888,13,0.31142380832672123,0.82127378200531,0.5276934891939162,0.29358029281139375,0,1,1
34,"Erect line 100 at rack 3 completed, 100%.",PIP-L6-100,PIP-L6-107,Erect line 107,piping,R03,0,0.0,0.6666666666666666,0.5677112340927124,1.0,0.94,0.5094121400117873,14,0.31186164199352273,0.82127378200531,0.5276934891939162,0.29358029281139375,0,1,1
34,"Erect line 100 at rack 3 completed, 100%.",PIP-L6-100,PIP-L6-247,Erect line 247,piping,R03,0,0.0,0.6666666666666666,0.5567100048065186,1.0,0.94,0.5068268511295317,15,0.31444693087577824,0.82127378200531,0.5276934891939162,0.29358029281139375,0,1,1
34,"Erect line 100 at rack 3 completed, 100%.",PIP-L6-100,PIP-L6-268,Erect line 268,piping,R03,0,0.0,0.6666666666666666,0.556134819984436,1.0,0.94,0.5066916826963423,16,0.31458209930896763,0.82127378200531,0.5276934891939162,0.29358029281139375,0,1,1
34,"Erect line 100 at rack 3 completed, 100%.",PIP-L6-100,PIP-L6-205,Erect line 205,piping,R03,0,0.0,0.6666666666666666,0.555843710899353,1.0,0.94,0.5066232720613478,17,0.31465050994396215,0.82127378200531,0.5276934891939162,0.29358029281139375,0,1,1
34,"Erect line 100 at rack 3 completed, 100%.",PIP-L6-100,PIP-L6-023,Erect line 023,piping,R03,0,0.0,0.6666666666666666,0.5507897138595581,1.0,0.94,0.5054355827569961,18,0.3158381992483139,0.82127378200531,0.5276934891939162,0.29358029281139375,0,1,1
34,"Erect line 100 at rack 3 completed, 100%.",PIP-L6-100,PIP-L6-114,Erect line 114,piping,R03,0,0.0,0.6666666666666666,0.5506113767623901,1.0,0.94,0.5053936735391615,19,0.31588010846614845,0.82127378200531,0.5276934891939162,0.29358029281139375,0,1,1
34,"Erect line 100 at rack 3 completed, 100%.",PIP-L6-100,PIP-L6-016,Erect line 016,piping,R03,0,0.0,0.6666666666666666,0.5493378639221191,1.0,0.94,0.5050943980216979,20,0.3161793839836121,0.82127378200531,0.5276934891939162,0.29358029281139375,0,1,1
35,"Install cable tray 103 at R03 completed, 50%.",ELE-L6-103,ELE-L6-103,Install cable tray 103,electrical,R03,1,0.82,1.0,0.9015717506408691,1.0,0.94,0.8661093614006041,1,0.0,0.8661093614006041,0.6211022198200226,0.24500714158058157,0,1,1
35,"Install cable tray 103 at R03 completed, 50%.",ELE-L6-103,ELE-L6-201,Install cable tray 201,electrical,R03,0,0.0,0.75,0.8344088792800903,1.0,1.0,0.6211022198200226,2,0.24500714158058157,0.8661093614006041,0.6211022198200226,0.24500714158058157,0,1,1
35,"Install cable tray 103 at R03 completed, 50%.",ELE-L6-103,ELE-L6-061,Install cable tray 061,electrical,R03,0,0.0,0.75,0.8100937604904175,1.0,1.0,0.6150234401226043,3,0.2510859212779998,0.8661093614006041,0.6211022198200226,0.24500714158058157,0,1,1
35,"Install cable tray 103 at R03 completed, 50%.",ELE-L6-103,ELE-L6-110,Install cable tray 110,electrical,R03,0,0.0,0.75,0.8531436324119568,1.0,0.94,0.5882387536168098,4,0.27787060778379435,0.8661093614006041,0.6211022198200226,0.24500714158058157,0,1,1
35,"Install cable tray 103 at R03 completed, 50%.",ELE-L6-103,ELE-L6-033,Install cable tray 033,electrical,R03,0,0.0,0.75,0.8475960493087769,1.0,0.94,0.5869350715875625,5,0.2791742898130416,0.8661093614006041,0.6211022198200226,0.24500714158058157,0,1,1
35,"Install cable tray 103 at R03 completed, 50%.",ELE-L6-103,ELE-L6-019,Install cable tray 019,electrical,R03,0,0.0,0.75,0.8449234962463379,1.0,0.94,0.5863070216178894,6,0.27980233978271474,0.8661093614006041,0.6211022198200226,0.24500714158058157,0,1,1
35,"Install cable tray 103 at R03 completed, 50%.",ELE-L6-103,ELE-L6-278,Install cable tray 278,electrical,R03,0,0.0,0.75,0.8391495943069458,1.0,0.94,0.5849501546621322,7,0.28115920673847195,0.8661093614006041,0.6211022198200226,0.24500714158058157,0,1,1
35,"Install cable tray 103 at R03 completed, 50%.",ELE-L6-103,ELE-L6-012,Install cable tray 012,electrical,R03,0,0.0,0.75,0.8389152884483337,1.0,0.94,0.5848950927853583,8,0.2812142686152458,0.8661093614006041,0.6211022198200226,0.24500714158058157,0,1,1
35,"Install cable tray 103 at R03 completed, 50%.",ELE-L6-103,ELE-L6-026,Install cable tray 026,electrical,R03,0,0.0,0.75,0.8386540412902832,1.0,0.94,0.5848336997032165,9,0.2812756616973876,0.8661093614006041,0.6211022198200226,0.24500714158058157,0,1,1
35,"Install cable tray 103 at R03 completed, 50%.",ELE-L6-103,ELE-L6-236,Install cable tray 236,electrical,R03,0,0.0,0.75,0.8275293707847595,1.0,0.94,0.5822194021344185,10,0.28388995926618565,0.8661093614006041,0.6211022198200226,0.24500714158058157,0,1,1
35,"Install cable tray 103 at R03 completed, 50%.",ELE-L6-103,ELE-L6-131,Install cable tray 131,electrical,R03,0,0.0,0.75,0.8260147571563721,1.0,0.94,0.5818634679317474,11,0.28424589346885676,0.8661093614006041,0.6211022198200226,0.24500714158058157,0,1,1
35,"Install cable tray 103 at R03 completed, 50%.",ELE-L6-103,ELE-L6-159,Install cable tray 159,electrical,R03,0,0.0,0.75,0.823454737663269,1.0,0.94,0.5812618633508682,12,0.28484749804973597,0.8661093614006041,0.6211022198200226,0.24500714158058157,0,1,1
35,"Install cable tray 103 at R03 completed, 50%.",ELE-L6-103,ELE-L6-040,Install cable tray 040,electrical,R03,0,0.0,0.75,0.8228187561035156,1.0,0.94,0.5811124076843261,13,0.284996953716278,0.8661093614006041,0.6211022198200226,0.24500714158058157,0,1,1
35,"Install cable tray 103 at R03 completed, 50%.",ELE-L6-103,ELE-L6-250,Install cable tray 250,electrical,R03,0,0.0,0.75,0.8197550177574158,1.0,0.94,0.5803924291729926,14,0.2857169322276115,0.8661093614006041,0.6211022198200226,0.24500714158058157,0,1,1
35,"Install cable tray 103 at R03 completed, 50%.",ELE-L6-103,ELE-L6-096,Install cable tray 096,electrical,R03,0,0.0,0.75,0.8196324706077576,1.0,0.94,0.5803636305928229,15,0.2857457308077812,0.8661093614006041,0.6211022198200226,0.24500714158058157,0,1,1
35,"Install cable tray 103 at R03 completed, 50%.",ELE-L6-103,ELE-L6-180,Install cable tray 180,electrical,R03,0,0.0,0.75,0.8184505105018616,1.0,0.94,0.5800858699679374,16,0.2860234914326667,0.8661093614006041,0.6211022198200226,0.24500714158058157,0,1,1
35,"Install cable tray 103 at R03 completed, 50%.",ELE-L6-103,ELE-L6-271,Install cable tray 271,electrical,R03,0,0.0,0.75,0.817205011844635,1.0,0.94,0.5797931777834892,17,0.28631618361711497,0.8661093614006041,0.6211022198200226,0.24500714158058157,0,1,1
35,"Install cable tray 103 at R03 completed, 50%.",ELE-L6-103,ELE-L6-089,Install cable tray 089,electrical,R03,0,0.0,0.75,0.8162310719490051,1.0,0.94,0.5795643019080161,18,0.286545059492588,0.8661093614006041,0.6211022198200226,0.24500714158058157,0,1,1
35,"Install cable tray 103 at R03 completed, 50%.",ELE-L6-103,ELE-L6-075,Install cable tray 075,electrical,R03,0,0.0,0.75,0.8157063722610474,1.0,0.94,0.579440997481346,19,0.2866683639192581,0.8661093614006041,0.6211022198200226,0.24500714158058157,0,1,1
35,"Install cable tray 103 at R03 completed, 50%.",ELE-L6-103,ELE-L6-054,Install cable tray 054,electrical,R03,0,0.0,0.75,0.8144239187240601,1.0,0.94,0.579139620900154,20,0.2869697405004501,0.8661093614006041,0.6211022198200226,0.24500714158058157,0,1,1
36,"Foundation 106 at Area A completed, 100%.",CIV-L6-106,CIV-L6-106,Foundation 106,civil,Area A,1,0.82,1.0,0.7153322100639343,0.5,0.94,0.6813430693650244,1,0.0,0.6813430693650244,0.5048107368254661,0.17653233253955836,0,0,0
36,"Foundation 106 at Area A completed, 100%.",CIV-L6-106,PIP-L6-100,Erect line 100,piping,R03,0,0.82,0.3333333333333333,0.36413079500198364,0.5,0.94,0.5048107368254661,2,0.17653233253955836,0.6813430693650244,0.5048107368254661,0.17653233253955836,0,0,0
36,"Foundation 106 at Area A completed, 100%.",CIV-L6-106,CIV-L6-141,Foundation 141,civil,Area A,0,0.0,0.75,0.6357672214508057,0.5,1.0,0.42144180536270137,3,0.25990126400232305,0.6813430693650244,0.5048107368254661,0.17653233253955836,0,0,0
36,"Foundation 106 at Area A completed, 100%.",CIV-L6-106,CIV-L6-176,Foundation 176,civil,Area A,0,0.0,0.75,0.704253613948822,0.5,0.94,0.4122495992779731,4,0.2690934700870513,0.6813430693650244,0.5048107368254661,0.17653233253955836,0,0,0
36,"Foundation 106 at Area A completed, 100%.",CIV-L6-106,CIV-L6-001,Foundation 001,civil,Area A,0,0.0,0.75,0.5849747657775879,0.5,1.0,0.40874369144439693,5,0.2725993779206275,0.6813430693650244,0.5048107368254661,0.17653233253955836,0,0,0
36,"Foundation 106 at Area A completed, 100%.",CIV-L6-106,CIV-L6-120,Foundation 120,civil,Area A,0,0.0,0.75,0.6694753170013428,0.5,0.94,0.4040766994953155,6,0.27726636986970893,0.6813430693650244,0.5048107368254661,0.17653233253955836,0,0,0
36,"Foundation 106 at Area A completed, 100%.",CIV-L6-106,CIV-L6-113,Foundation 113,civil,Area A,0,0.0,0.75,0.6618728637695312,0.5,0.94,0.40229012298583977,7,0.27905294637918465,0.6813430693650244,0.5048107368254661,0.17653233253955836,0,0,0
36,"Foundation 106 at Area A completed, 100%.",CIV-L6-106,CIV-L6-134,Foundation 134,civil,Area A,0,0.0,0.75,0.6401033401489258,0.5,0.94,0.3971742849349975,8,0.2841687844300269,0.6813430693650244,0.5048107368254661,0.17653233253955836,0,0,0
36,"Foundation 106 at Area A completed, 100%.",CIV-L6-106,CIV-L6-162,Foundation 162,civil,Area A,0,0.0,0.75,0.6378724575042725,0.5,0.94,0.396650027513504,9,0.28469304185152045,0.6813430693650244,0.5048107368254661,0.17653233253955836,0,0,0
36,"Foundation 106 at Area A completed, 100%.",CIV-L6-106,CIV-L6-211,Foundation 211,civil,Area A,0,0.0,0.75,0.6290804147720337,0.5,0.94,0.39458389747142786,10,0.28675917189359657,0.6813430693650244,0.5048107368254661,0.17653233253955836,0,0,0
36,"Foundation 106 at Area A completed, 100%.",CIV-L6-106,CIV-L6-190,Foundation 190,civil,Area A,0,0.0,0.75,0.6152958869934082,0.5,0.94,0.3913445334434509,11,0.28999853592157354,0.6813430693650244,0.5048107368254661,0.17653233253955836,0,0,0
36,"Foundation 106 at Area A completed, 100%.",CIV-L6-106,CIV-L6-197,Foundation 197,civil,Area A,0,0.0,0.75,0.6134041547775269,0.5,0.94,0.3908999763727187,12,0.2904430929923057,0.6813430693650244,0.5048107368254661,0.17653233253955836,0,0,0
36,"Foundation 106 at Area A completed, 100%.",CIV-L6-106,CIV-L6-148,Foundation 148,civil,Area A,0,0.0,0.75,0.6063965559005737,0.5,0.94,0.38925319063663477,13,0.29208987872838965,0.6813430693650244,0.5048107368254661,0.17653233253955836,0,0,0
36,"Foundation 106 at Area A completed, 100%.",CIV-L6-106,CIV-L6-218,Foundation 218,civil,Area A,0,0.0,0.75,0.6013050079345703,0.5,0.94,0.388056676864624,14,0.29328639250040045,0.6813430693650244,0.5048107368254661,0.17653233253955836,0,0,0
36,"Foundation 106 at Area A completed, 100%.",CIV-L6-106,CIV-L6-050,Foundation 050,civil,Area A,0,0.0,0.75,0.6011214256286621,0.5,0.94,0.38801353502273556,15,0.29332953434228887,0.6813430693650244,0.5048107368254661,0.17653233253955836,0,0,0
36,"Foundation 106 at Area A completed, 100%.",CIV-L6-106,CIV-L6-267,Foundation 267,civil,Area A,0,0.0,0.75,0.6002926230430603,0.5,0.94,0.3878187664151191,16,0.29352430294990534,0.6813430693650244,0.5048107368254661,0.17653233253955836,0,0,0
36,"Foundation 106 at Area A completed, 100%.",CIV-L6-106,CIV-L6-183,Foundation 183,civil,Area A,0,0.0,0.75,0.5984355211257935,0.5,0.94,0.3873823474645614,17,0.293960721900463,0.6813430693650244,0.5048107368254661,0.17653233253955836,0,0,0
36,"Foundation 106 at Area A completed, 100%.",CIV-L6-106,CIV-L6-071,Foundation 071,civil,Area A,0,0.0,0.75,0.5955706834793091,0.5,0.94,0.3867091106176376,18,0.29463395874738685,0.6813430693650244,0.5048107368254661,0.17653233253955836,0,0,0
36,"Foundation 106 at Area A completed, 100%.",CIV-L6-106,CIV-L6-155,Foundation 155,civil,Area A,0,0.0,0.75,0.5928448438644409,0.5,0.94,0.3860685383081435,19,0.2952745310568809,0.6813430693650244,0.5048107368254661,0.17653233253955836,0,0,0
36,"Foundation 106 at Area A completed, 100%.",CIV-L6-106,CIV-L6-008,Foundation 008,civil,Area A,0,0.0,0.75,0.5918015837669373,0.5,0.94,0.3858233721852302,20,0.2955196971797942,0.6813430693650244,0.5048107368254661,0.17653233253955836,0,0,0
37,"Install pump 109 at Unit 2 completed, 50%.",ROT-L6-109,ROT-L6-109,Install pump 109,rotating_equipment,Unit 2,1,0.82,1.0,0.7678618431091309,1.0,0.94,0.8346875331306457,1,0.0,0.8346875331306457,0.5580142527818679,0.2766732803487778,0,1,0
37,"Install pump 109 at Unit 2 completed, 50%.",ROT-L6-109,ROT-L6-221,Install pump 221,rotating_equipment,Unit 2,0,0.0,0.6666666666666666,0.6320570111274719,1.0,1.0,0.5580142527818679,2,0.2766732803487778,0.8346875331306457,0.5580142527818679,0.2766732803487778,0,1,0
37,"Install pump 109 at Unit 2 completed, 50%.",ROT-L6-109,ROT-L6-081,Install pump 081,rotating_equipment,Unit 2,0,0.0,0.6666666666666666,0.6046849489212036,1.0,1.0,0.5511712372303008,3,0.2835162959003449,0.8346875331306457,0.5580142527818679,0.2766732803487778,0,1,0
37,"Install pump 109 at Unit 2 completed, 50%.",ROT-L6-109,ROT-L6-151,Install pump 151,rotating_equipment,Unit 2,0,0.0,0.6666666666666666,0.7189491391181946,1.0,0.94,0.5449530476927756,4,0.28973448543787006,0.8346875331306457,0.5580142527818679,0.2766732803487778,0,1,0
37,"Install pump 109 at Unit 2 completed, 50%.",ROT-L6-109,ROT-L6-116,Install pump 116,rotating_equipment,Unit 2,0,0.0,0.6666666666666666,0.6799355149269104,1.0,0.94,0.5357848460078238,5,0.29890268712282186,0.8346875331306457,0.5580142527818679,0.2766732803487778,0,1,0
37,"Install pump 109 at Unit 2 completed, 50%.",ROT-L6-109,ROT-L6-242,Install pump 242,rotating_equipment,Unit 2,0,0.0,0.6666666666666666,0.671165943145752,1.0,0.94,0.5337239966392516,6,0.30096353649139407,0.8346875331306457,0.5580142527818679,0.2766732803487778,0,1,0
37,"Install pump 109 at Unit 2 completed, 50%.",ROT-L6-109,ROT-L6-200,Install pump 200,rotating_equipment,Unit 2,0,0.0,0.6666666666666666,0.6635614633560181,1.0,0.94,0.5319369438886641,7,0.3027505892419816,0.8346875331306457,0.5580142527818679,0.2766732803487778,0,1,0
37,"Install pump 109 at Unit 2 completed, 50%.",ROT-L6-109,ROT-L6-277,Install pump 277,rotating_equipment,Unit 2,0,0.0,0.6666666666666666,0.659278929233551,1.0,0.94,0.5309305483698844,8,0.3037569847607613,0.8346875331306457,0.5580142527818679,0.2766732803487778,0,1,0
37,"Install pump 109 at Unit 2 completed, 50%.",ROT-L6-109,ROT-L6-102,Install pump 102,rotating_equipment,Unit 2,0,0.0,0.6666666666666666,0.6497839689254761,1.0,0.94,0.5286992326974868,9,0.30598830043315894,0.8346875331306457,0.5580142527818679,0.2766732803487778,0,1,0
37,"Install pump 109 at Unit 2 completed, 50%.",ROT-L6-109,ROT-L6-130,Install pump 130,rotating_equipment,Unit 2,0,0.0,0.6666666666666666,0.6495044231414795,1.0,0.94,0.5286335394382475,10,0.30605399369239816,0.8346875331306457,0.5580142527818679,0.2766732803487778,0,1,0
37,"Install pump 109 at Unit 2 completed, 50%.",ROT-L6-109,ROT-L6-123,Install pump 123,rotating_equipment,Unit 2,0,0.0,0.6666666666666666,0.6427617073059082,1.0,0.94,0.5270490012168884,11,0.30763853191375734,0.8346875331306457,0.5580142527818679,0.2766732803487778,0,1,0
37,"Install pump 109 at Unit 2 completed, 50%.",ROT-L6-109,ROT-L6-214,Install pump 214,rotating_equipment,Unit 2,0,0.0,0.6666666666666666,0.6397747993469238,1.0,0.94,0.526347077846527,12,0.3083404552841187,0.8346875331306457,0.5580142527818679,0.2766732803487778,0,1,0
37,"Install pump 109 at Unit 2 completed, 50%.",ROT-L6-109,ROT-L6-186,Install pump 186,rotating_equipment,Unit 2,0,0.0,0.6666666666666666,0.6356111764907837,1.0,0.94,0.525368626475334,13,0.3093189066553117,0.8346875331306457,0.5580142527818679,0.2766732803487778,0,1,0
37,"Install pump 109 at Unit 2 completed, 50%.",ROT-L6-109,ROT-L6-249,Install pump 249,rotating_equipment,Unit 2,0,0.0,0.6666666666666666,0.631962776184082,1.0,0.94,0.5245112524032591,14,0.31017628072738657,0.8346875331306457,0.5580142527818679,0.2766732803487778,0,1,0
37,"Install pump 109 at Unit 2 completed, 50%.",ROT-L6-109,ROT-L6-158,Install pump 158,rotating_equipment,Unit 2,0,0.0,0.6666666666666666,0.627315104007721,1.0,0.94,0.5234190494418143,15,0.3112684836888314,0.8346875331306457,0.5580142527818679,0.2766732803487778,0,1,0
37,"Install pump 109 at Unit 2 completed, 50%.",ROT-L6-109,ROT-L6-263,Install pump 263,rotating_equipment,Unit 2,0,0.0,0.6666666666666666,0.6263480186462402,1.0,0.94,0.5231917843818663,16,0.3114957487487794,0.8346875331306457,0.5580142527818679,0.2766732803487778,0,1,0
37,"Install pump 109 at Unit 2 completed, 50%.",ROT-L6-109,ROT-L6-207,Install pump 207,rotating_equipment,Unit 2,0,0.0,0.6666666666666666,0.6259996891021729,1.0,0.94,0.5231099269390105,17,0.3115776061916352,0.8346875331306457,0.5580142527818679,0.2766732803487778,0,1,0
37,"Install pump 109 at Unit 2 completed, 50%.",ROT-L6-109,ROT-L6-144,Install pump 144,rotating_equipment,Unit 2,0,0.0,0.6666666666666666,0.6245995759963989,1.0,0.94,0.5227809003591536,18,0.3119066327714921,0.8346875331306457,0.5580142527818679,0.2766732803487778,0,1,0
37,"Install pump 109 at Unit 2 completed, 50%.",ROT-L6-109,ROT-L6-025,Install pump 025,rotating_equipment,Unit 2,0,0.0,0.6666666666666666,0.6213677525520325,1.0,0.94,0.5220214218497276,19,0.31266611128091815,0.8346875331306457,0.5580142527818679,0.2766732803487778,0,1,0
37,"Install pump 109 at Unit 2 completed, 50%.",ROT-L6-109,ROT-L6-165,Install pump 165,rotating_equipment,Unit 2,0,0.0,0.6666666666666666,0.620292067527771,1.0,0.94,0.5217686358690261,20,0.3129188972616196,0.8346875331306457,0.5580142527818679,0.2766732803487778,0,1,0
38,"Safety inspection 112 at Site completed, 100%.",HSE-L6-112,HSE-L6-112,Safety inspection 112,hse,Site,1,0.82,1.0,0.8667055368423462,1.0,0.94,0.8579158011579513,1,0.0,0.8579158011579513,0.6139387547969818,0.2439770463609695,0,1,0
38,"Safety inspection 112 at Site completed, 100%.",HSE-L6-112,HSE-L6-021,Safety inspection 021,hse,Site,0,0.0,0.75,0.8057550191879272,1.0,1.0,0.6139387547969818,2,0.2439770463609695,0.8579158011579513,0.6139387547969818,0.2439770463609695,0,1,0
38,"Safety inspection 112 at Site completed, 100%.",HSE-L6-112,HSE-L6-161,Safety inspection 161,hse,Site,0,0.0,0.75,0.7929952144622803,1.0,1.0,0.61074880361557,3,0.24716699754238125,0.8579158011579513,0.6139387547969818,0.2439770463609695,0,1,0
38,"Safety inspection 112 at Site completed, 100%.",HSE-L6-112,HSE-L6-126,Safety inspection 126,hse,Site,0,0.0,0.75,0.8336794376373291,1.0,0.94,0.5836646678447723,4,0.27425113331317896,0.8579158011579513,0.6139387547969818,0.2439770463609695,0,1,0
38,"Safety inspection 112 at Site completed, 100%.",HSE-L6-112,HSE-L6-105,Safety inspection 105,hse,Site,0,0.0,0.75,0.8290590047836304,1.0,0.94,0.5825788661241531,5,0.2753369350337982,0.8579158011579513,0.6139387547969818,0.2439770463609695,0,1,0
38,"Safety inspection 112 at Site completed, 100%.",HSE-L6-112,HSE-L6-210,Safety inspection 210,hse,Site,0,0.0,0.75,0.8276164531707764,1.0,0.94,0.5822398664951324,6,0.2756759346628189,0.8579158011579513,0.6139387547969818,0.2439770463609695,0,1,0
38,"Safety inspection 112 at Site completed, 100%.",HSE-L6-112,HSE-L6-196,Safety inspection 196,hse,Site,0,0.0,0.75,0.8261029124259949,1.0,0.94,0.5818841844201087,7,0.2760316167378426,0.8579158011579513,0.6139387547969818,0.2439770463609695,0,1,0
38,"Safety inspection 112 at Site completed, 100%.",HSE-L6-112,HSE-L6-168,Safety inspection 168,hse,Site,0,0.0,0.75,0.8242781162261963,1.0,0.94,0.5814553573131561,8,0.2764604438447952,0.8579158011579513,0.6139387547969818,0.2439770463609695,0,1,0
38,"Safety inspection 112 at Site completed, 100%.",HSE-L6-112,HSE-L6-119,Safety inspection 119,hse,Site,0,0.0,0.75,0.8234281539916992,1.0,0.94,0.5812556161880492,9,0.2766601849699021,0.8579158011579513,0.6139387547969818,0.2439770463609695,0,1,0
38,"Safety inspection 112 at Site completed, 100%.",HSE-L6-112,HSE-L6-203,Safety inspection 203,hse,Site,0,0.0,0.75,0.8224409818649292,1.0,0.94,0.5810236307382584,10,0.27689217041969294,0.8579158011579513,0.6139387547969818,0.2439770463609695,0,1,0
38,"Safety inspection 112 at Site completed, 100%.",HSE-L6-112,HSE-L6-014,Safety inspection 014,hse,Site,0,0.0,0.75,0.8210911154747009,1.0,0.94,0.5807064121365547,11,0.2772093890213966,0.8579158011579513,0.6139387547969818,0.2439770463609695,0,1,0
38,"Safety inspection 112 at Site completed, 100%.",HSE-L6-112,HSE-L6-140,Safety inspection 140,hse,Site,0,0.0,0.75,0.8173878192901611,1.0,0.94,0.5798361375331879,12,0.27807966362476344,0.8579158011579513,0.6139387547969818,0.2439770463609695,0,1,0
38,"Safety inspection 112 at Site completed, 100%.",HSE-L6-112,HSE-L6-007,Safety inspection 007,hse,Site,0,0.0,0.75,0.8145070672035217,1.0,0.94,0.5791591607928276,13,0.2787566403651237,0.8579158011579513,0.6139387547969818,0.2439770463609695,0,1,0
38,"Safety inspection 112 at Site completed, 100%.",HSE-L6-112,HSE-L6-231,Safety inspection 231,hse,Site,0,0.0,0.75,0.8126201629638672,1.0,0.94,0.5787157382965087,14,0.2792000628614426,0.8579158011579513,0.6139387547969818,0.2439770463609695,0,1,0
38,"Safety inspection 112 at Site completed, 100%.",HSE-L6-112,HSE-L6-049,Safety inspection 049,hse,Site,0,0.0,0.75,0.802866518497467,1.0,0.94,0.5764236318469047,15,0.2814921693110466,0.8579158011579513,0.6139387547969818,0.2439770463609695,0,1,0
38,"Safety inspection 112 at Site completed, 100%.",HSE-L6-112,HSE-L6-028,Safety inspection 028,hse,Site,0,0.0,0.75,0.8008843660354614,1.0,0.94,0.5759578260183333,16,0.28195797513961796,0.8579158011579513,0.6139387547969818,0.2439770463609695,0,1,0
38,"Safety inspection 112 at Site completed, 100%.",HSE-L6-112,HSE-L6-091,Safety inspection 091,hse,Site,0,0.0,0.75,0.7936558723449707,1.0,0.94,0.5742591300010681,17,0.2836566711568832,0.8579158011579513,0.6139387547969818,0.2439770463609695,0,1,0
38,"Safety inspection 112 at Site completed, 100%.",HSE-L6-112,HSE-L6-189,Safety inspection 189,hse,Site,0,0.0,0.75,0.7922778129577637,1.0,0.94,0.5739352860450744,18,0.2839805151128769,0.8579158011579513,0.6139387547969818,0.2439770463609695,0,1,0
38,"Safety inspection 112 at Site completed, 100%.",HSE-L6-112,HSE-L6-147,Safety inspection 147,hse,Site,0,0.0,0.75,0.791175127029419,1.0,0.94,0.5736761548519134,19,0.28423964630603793,0.8579158011579513,0.6139387547969818,0.2439770463609695,0,1,0
38,"Safety inspection 112 at Site completed, 100%.",HSE-L6-112,HSE-L6-217,Safety inspection 217,hse,Site,0,0.0,0.75,0.7908079624176025,1.0,0.94,0.5735898711681365,20,0.28432592998981476,0.8579158011579513,0.6139387547969818,0.2439770463609695,0,1,0
39,"Erect vessel 115 at Unit 2 completed, 50%.",STA-L6-115,STA-L6-115,Erect vessel 115,static_equipment,Unit 2,1,0.82,1.0,0.8345353603363037,1.0,0.94,0.8503558096790312,1,0.0,0.8503558096790312,0.5815637201070785,0.2687920895719528,0,1,0
39,"Erect vessel 115 at Unit 2 completed, 50%.",STA-L6-115,STA-L6-101,Erect vessel 101,static_equipment,Unit 2,0,0.0,0.6666666666666666,0.7262548804283142,1.0,1.0,0.5815637201070785,2,0.2687920895719528,0.8503558096790312,0.5815637201070785,0.2687920895719528,0,1,0
39,"Erect vessel 115 at Unit 2 completed, 50%.",STA-L6-115,STA-L6-241,Erect vessel 241,static_equipment,Unit 2,0,0.0,0.6666666666666666,0.7071022987365723,1.0,1.0,0.576775574684143,3,0.27358023499488826,0.8503558096790312,0.5815637201070785,0.2687920895719528,0,1,0
39,"Erect vessel 115 at Unit 2 completed, 50%.",STA-L6-115,STA-L6-122,Erect vessel 122,static_equipment,Unit 2,0,0.0,0.6666666666666666,0.7855175733566284,1.0,0.94,0.5605966297388075,4,0.2897591799402237,0.8503558096790312,0.5815637201070785,0.2687920895719528,0,1,0
39,"Erect vessel 115 at Unit 2 completed, 50%.",STA-L6-115,STA-L6-129,Erect vessel 129,static_equipment,Unit 2,0,0.0,0.6666666666666666,0.7652319073677063,1.0,0.94,0.5558294982314108,5,0.2945263114476204,0.8503558096790312,0.5815637201070785,0.2687920895719528,0,1,0
39,"Erect vessel 115 at Unit 2 completed, 50%.",STA-L6-115,STA-L6-220,Erect vessel 220,static_equipment,Unit 2,0,0.0,0.6666666666666666,0.7523082494735718,1.0,0.94,0.5527924386262892,6,0.297563371052742,0.8503558096790312,0.5815637201070785,0.2687920895719528,0,1,0
39,"Erect vessel 115 at Unit 2 completed, 50%.",STA-L6-115,STA-L6-136,Erect vessel 136,static_equipment,Unit 2,0,0.0,0.6666666666666666,0.7490677237510681,1.0,0.94,0.5520309150815009,7,0.2983248945975303,0.8503558096790312,0.5815637201070785,0.2687920895719528,0,1,0
39,"Erect vessel 115 at Unit 2 completed, 50%.",STA-L6-115,STA-L6-199,Erect vessel 199,static_equipment,Unit 2,0,0.0,0.6666666666666666,0.7490331530570984,1.0,0.94,0.552022790968418,8,0.29833301871061324,0.8503558096790312,0.5815637201070785,0.2687920895719528,0,1,0
39,"Erect vessel 115 at Unit 2 completed, 50%.",STA-L6-115,STA-L6-234,Erect vessel 234,static_equipment,Unit 2,0,0.0,0.6666666666666666,0.742100715637207,1.0,0.94,0.5503936681747436,9,0.2999621415042877,0.8503558096790312,0.5815637201070785,0.2687920895719528,0,1,0
39,"Erect vessel 115 at Unit 2 completed, 50%.",STA-L6-115,STA-L6-150,Erect vessel 150,static_equipment,Unit 2,0,0.0,0.6666666666666666,0.7404414415359497,1.0,0.94,0.5500037387609481,10,0.30035207091808314,0.8503558096790312,0.5815637201070785,0.2687920895719528,0,1,0
39,"Erect vessel 115 at Unit 2 completed, 50%.",STA-L6-115,STA-L6-276,Erect vessel 276,static_equipment,Unit 2,0,0.0,0.6666666666666666,0.7350935935974121,1.0,0.94,0.5487469944953918,11,0.30160881518363947,0.8503558096790312,0.5815637201070785,0.2687920895719528,0,1,0
39,"Erect vessel 115 at Unit 2 completed, 50%.",STA-L6-115,STA-L6-143,Erect vessel 143,static_equipment,Unit 2,0,0.0,0.6666666666666666,0.7309457659721375,1.0,0.94,0.5477722550034522,12,0.30258355467557907,0.8503558096790312,0.5815637201070785,0.2687920895719528,0,1,0
39,"Erect vessel 115 at Unit 2 completed, 50%.",STA-L6-115,STA-L6-255,Erect vessel 255,static_equipment,Unit 2,0,0.0,0.6666666666666666,0.7238789200782776,1.0,0.94,0.5461115462183951,13,0.30424426346063616,0.8503558096790312,0.5815637201070785,0.2687920895719528,0,1,0
39,"Erect vessel 115 at Unit 2 completed, 50%.",STA-L6-115,STA-L6-157,Erect vessel 157,static_equipment,Unit 2,0,0.0,0.6666666666666666,0.7197580337524414,1.0,0.94,0.5451431379318236,14,0.3052126717472077,0.8503558096790312,0.5815637201070785,0.2687920895719528,0,1,0
39,"Erect vessel 115 at Unit 2 completed, 50%.",STA-L6-115,STA-L6-213,Erect vessel 213,static_equipment,Unit 2,0,0.0,0.6666666666666666,0.7181767225265503,1.0,0.94,0.5447715297937392,15,0.305584279885292,0.8503558096790312,0.5815637201070785,0.2687920895719528,0,1,0
39,"Erect vessel 115 at Unit 2 completed, 50%.",STA-L6-115,STA-L6-024,Erect vessel 024,static_equipment,Unit 2,0,0.0,0.6666666666666666,0.7149022817611694,1.0,0.94,0.5440020362138747,16,0.3063537734651566,0.8503558096790312,0.5815637201070785,0.2687920895719528,0,1,0
39,"Erect vessel 115 at Unit 2 completed, 50%.",STA-L6-115,STA-L6-164,Erect vessel 164,static_equipment,Unit 2,0,0.0,0.6666666666666666,0.7118856906890869,1.0,0.94,0.5432931373119353,17,0.30706267236709595,0.8503558096790312,0.5815637201070785,0.2687920895719528,0,1,0
39,"Erect vessel 115 at Unit 2 completed, 50%.",STA-L6-115,STA-L6-017,Erect vessel 017,static_equipment,Unit 2,0,0.0,0.6666666666666666,0.7113862037658691,1.0,0.94,0.5431757578849792,18,0.30718005179405206,0.8503558096790312,0.5815637201070785,0.2687920895719528,0,1,0
39,"Erect vessel 115 at Unit 2 completed, 50%.",STA-L6-115,STA-L6-206,Erect vessel 206,static_equipment,Unit 2,0,0.0,0.6666666666666666,0.7080961465835571,1.0,0.94,0.5424025944471358,19,0.30795321523189545,0.8503558096790312,0.5815637201070785,0.2687920895719528,0,1,0
39,"Erect vessel 115 at Unit 2 completed, 50%.",STA-L6-115,STA-L6-171,Erect vessel 171,static_equipment,Unit 2,0,0.0,0.6666666666666666,0.707978367805481,1.0,0.94,0.5423749164342879,20,0.3079808932447433,0.8503558096790312,0.5815637201070785,0.2687920895719528,0,1,0
40,"Calibrate transmitter 118 at Unit 2 completed, 100%.",INS-L6-118,INS-L6-118,Calibrate transmitter 118,instrumentation,Unit 2,1,0.82,1.0,0.8869436979293823,1.0,0.94,0.8626717690134047,1,0.0,0.8626717690134047,0.5991277188062667,0.263544050207138,0,1,0
40,"Calibrate transmitter 118 at Unit 2 completed, 100%.",INS-L6-118,INS-L6-181,Calibrate transmitter 181,instrumentation,Unit 2,0,0.0,0.6666666666666666,0.7965108752250671,1.0,1.0,0.5991277188062667,2,0.263544050207138,0.8626717690134047,0.5991277188062667,0.263544050207138,0,1,0
40,"Calibrate transmitter 118 at Unit 2 completed, 100%.",INS-L6-118,INS-L6-041,Calibrate transmitter 041,instrumentation,Unit 2,0,0.0,0.6666666666666666,0.7771643996238708,1.0,1.0,0.5942910999059676,3,0.2683806691074371,0.8626717690134047,0.5991277188062667,0.263544050207138,0,1,0
40,"Calibrate transmitter 118 at Unit 2 completed, 100%.",INS-L6-118,INS-L6-237,Calibrate transmitter 237,instrumentation,Unit 2,0,0.0,0.6666666666666666,0.8592625856399536,1.0,0.94,0.577926707625389,4,0.2847450613880157,0.8626717690134047,0.5991277188062667,0.263544050207138,0,1,0
40,"Calibrate transmitter 118 at Unit 2 completed, 100%.",INS-L6-118,INS-L6-111,Calibrate transmitter 111,instrumentation,Unit 2,0,0.0,0.6666666666666666,0.8263334631919861,1.0,0.94,0.5701883638501166,5,0.2924834051632881,0.8626717690134047,0.5991277188062667,0.263544050207138,0,1,0
40,"Calibrate transmitter 118 at Unit 2 completed, 100%.",INS-L6-118,INS-L6-027,Calibrate transmitter 027,instrumentation,Unit 2,0,0.0,0.6666666666666666,0.8215799331665039,1.0,0.94,0.5690712842941283,6,0.29360048471927636,0.8626717690134047,0.5991277188062667,0.263544050207138,0,1,0
40,"Calibrate transmitter 118 at Unit 2 completed, 100%.",INS-L6-118,INS-L6-104,Calibrate transmitter 104,instrumentation,Unit 2,0,0.0,0.6666666666666666,0.8188837766647339,1.0,0.94,0.5684376875162124,7,0.2942340814971923,0.8626717690134047,0.5991277188062667,0.263544050207138,0,1,0
40,"Calibrate transmitter 118 at Unit 2 completed, 100%.",INS-L6-118,INS-L6-202,Calibrate transmitter 202,instrumentation,Unit 2,0,0.0,0.6666666666666666,0.8186291456222534,1.0,0.94,0.5683778492212295,8,0.29429391979217523,0.8626717690134047,0.5991277188062667,0.263544050207138,0,1,0
40,"Calibrate transmitter 118 at Unit 2 completed, 100%.",INS-L6-118,INS-L6-020,Calibrate transmitter 020,instrumentation,Unit 2,0,0.0,0.6666666666666666,0.8126376867294312,1.0,0.94,0.5669698563814162,9,0.29570191263198853,0.8626717690134047,0.5991277188062667,0.263544050207138,0,1,0
40,"Calibrate transmitter 118 at Unit 2 completed, 100%.",INS-L6-118,INS-L6-132,Calibrate transmitter 132,instrumentation,Unit 2,0,0.0,0.6666666666666666,0.8076234459877014,1.0,0.94,0.5657915098071097,10,0.296880259206295,0.8626717690134047,0.5991277188062667,0.263544050207138,0,1,0
40,"Calibrate transmitter 118 at Unit 2 completed, 100%.",INS-L6-118,INS-L6-195,Calibrate transmitter 195,instrumentation,Unit 2,0,0.0,0.6666666666666666,0.807438850402832,1.0,0.94,0.5657481298446654,11,0.2969236391687393,0.8626717690134047,0.5991277188062667,0.263544050207138,0,1,0
40,"Calibrate transmitter 118 at Unit 2 completed, 100%.",INS-L6-118,INS-L6-006,Calibrate transmitter 006,instrumentation,Unit 2,0,0.0,0.6666666666666666,0.8035492300987244,1.0,0.94,0.5648340690732001,12,0.2978376999402046,0.8626717690134047,0.5991277188062667,0.263544050207138,0,1,0
40,"Calibrate transmitter 118 at Unit 2 completed, 100%.",INS-L6-118,INS-L6-062,Calibrate transmitter 062,instrumentation,Unit 2,0,0.0,0.6666666666666666,0.8024901747703552,1.0,0.94,0.5645851910710333,13,0.29808657794237137,0.8626717690134047,0.5991277188062667,0.263544050207138,0,1,0
40,"Calibrate transmitter 118 at Unit 2 completed, 100%.",INS-L6-118,INS-L6-272,Calibrate transmitter 272,instrumentation,Unit 2,0,0.0,0.6666666666666666,0.8003818988800049,1.0,0.94,0.5640897462368011,14,0.2985820227766036,0.8626717690134047,0.5991277188062667,0.263544050207138,0,1,0
40,"Calibrate transmitter 118 at Unit 2 completed, 100%.",INS-L6-118,INS-L6-076,Calibrate transmitter 076,instrumentation,Unit 2,0,0.0,0.6666666666666666,0.7985410094261169,1.0,0.94,0.5636571372151373,15,0.29901463179826737,0.8626717690134047,0.5991277188062667,0.263544050207138,0,1,0
40,"Calibrate transmitter 118 at Unit 2 completed, 100%.",INS-L6-118,INS-L6-160,Calibrate transmitter 160,instrumentation,Unit 2,0,0.0,0.6666666666666666,0.7962987422943115,1.0,0.94,0.5631302044391631,16,0.29954156457424164,0.8626717690134047,0.5991277188062667,0.263544050207138,0,1,0
40,"Calibrate transmitter 118 at Unit 2 completed, 100%.",INS-L6-118,INS-L6-167,Calibrate transmitter 167,instrumentation,Unit 2,0,0.0,0.6666666666666666,0.792853832244873,1.0,0.94,0.5623206505775451,17,0.3003511184358596,0.8626717690134047,0.5991277188062667,0.263544050207138,0,1,0
40,"Calibrate transmitter 118 at Unit 2 completed, 100%.",INS-L6-118,INS-L6-083,Calibrate transmitter 083,instrumentation,Unit 2,0,0.0,0.6666666666666666,0.7907801866531372,1.0,0.94,0.5618333438634872,18,0.30083842514991754,0.8626717690134047,0.5991277188062667,0.263544050207138,0,1,0
40,"Calibrate transmitter 118 at Unit 2 completed, 100%.",INS-L6-118,INS-L6-069,Calibrate transmitter 069,instrumentation,Unit 2,0,0.0,0.6666666666666666,0.7886333465576172,1.0,0.94,0.5613288364410399,19,0.3013429325723648,0.8626717690134047,0.5991277188062667,0.263544050207138,0,1,0
40,"Calibrate transmitter 118 at Unit 2 completed, 100%.",INS-L6-118,INS-L6-125,Calibrate transmitter 125,instrumentation,Unit 2,0,0.0,0.6666666666666666,0.7884567975997925,1.0,0.94,0.5612873474359511,20,0.3013844215774536,0.8626717690134047,0.5991277188062667,0.263544050207138,0,1,0
41,"Unknown work package ZZ-040 at offshore platform, 20%.",,ELE-L6-040,Install cable tray 040,electrical,R03,0,0.82,0.25,0.23038455843925476,0.5,0.94,0.4616303712332248,1,0.0,0.4616303712332248,0.283457839216145,0.17817253201707983,0,0,0
41,"Unknown work package ZZ-040 at offshore platform, 20%.",,CIV-L6-001,Foundation 001,civil,Area A,0,0.0,0.16901408450704225,0.4324229061603546,0.5,1.0,0.283457839216145,2,0.17817253201707983,0.4616303712332248,0.283457839216145,0.17817253201707983,0,0,0
41,"Unknown work package ZZ-040 at offshore platform, 20%.",,CIV-L6-043,Foundation 043,civil,Area A,0,0.0,0.16901408450704225,0.44902193546295166,0.5,0.94,0.27035114074928657,3,0.19127923048393825,0.4616303712332248,0.283457839216145,0.17817253201707983,0,0,0
41,"Unknown work package ZZ-040 at offshore platform, 20%.",,HSE-L6-021,Safety inspection 021,hse,Site,0,0.0,0.12987012987012986,0.38995689153671265,0.5,1.0,0.2669697423646976,4,0.1946606288685272,0.4616303712332248,0.283457839216145,0.17817253201707983,0,0,0
41,"Unknown work package ZZ-040 at offshore platform, 20%.",,CIV-L6-092,Foundation 092,civil,Area A,0,0.0,0.16901408450704225,0.4308839738368988,0.5,0.94,0.26608871976716414,5,0.19554165146606067,0.4616303712332248,0.283457839216145,0.17817253201707983,0,0,0
41,"Unknown work package ZZ-040 at offshore platform, 20%.",,CIV-L6-064,Foundation 064,civil,Area A,0,0.0,0.16901408450704225,0.4282802939414978,0.5,0.94,0.2654768549917449,6,0.19615351624147992,0.4616303712332248,0.283457839216145,0.17817253201707983,0,0,0
41,"Unknown work package ZZ-040 at offshore platform, 20%.",,CIV-L6-015,Foundation 015,civil,Area A,0,0.0,0.14084507042253522,0.4442383348941803,0.5,0.94,0.2652551636297098,7,0.196375207603515,0.4616303712332248,0.283457839216145,0.17817253201707983,0,0,0
41,"Unknown work package ZZ-040 at offshore platform, 20%.",,CIV-L6-022,Foundation 022,civil,Area A,0,0.0,0.16901408450704225,0.42546457052230835,0.5,0.94,0.2648151599882354,8,0.1968152112449894,0.4616303712332248,0.283457839216145,0.17817253201707983,0,0,0
41,"Unknown work package ZZ-040 at offshore platform, 20%.",,CIV-L6-008,Foundation 008,civil,Area A,0,0.0,0.16901408450704225,0.4240165948867798,0.5,0.94,0.26447488571388617,9,0.19715548551933865,0.4616303712332248,0.283457839216145,0.17817253201707983,0,0,0
41,"Unknown work package ZZ-040 at offshore platform, 20%.",,CIV-L6-050,Foundation 050,civil,Area A,0,0.0,0.16901408450704225,0.42041048407554626,0.5,0.94,0.2636274496732463,10,0.1980029215599785,0.4616303712332248,0.283457839216145,0.17817253201707983,0,0,0
41,"Unknown work package ZZ-040 at offshore platform, 20%.",,CIV-L6-029,Foundation 029,civil,Area A,0,0.0,0.16901408450704225,0.419952929019928,0.5,0.94,0.263519924235176,11,0.1981104469980488,0.4616303712332248,0.283457839216145,0.17817253201707983,0,0,0
41,"Unknown work package ZZ-040 at offshore platform, 20%.",,HSE-L6-042,Safety inspection 042,hse,Site,0,0.0,0.15584415584415584,0.4263778328895569,0.5,0.94,0.26317281670307185,12,0.19845755453015296,0.4616303712332248,0.283457839216145,0.17817253201707983,0,0,0
41,"Unknown work package ZZ-040 at offshore platform, 20%.",,CIV-L6-036,Foundation 036,civil,Area A,0,0.0,0.14084507042253522,0.4338493347167969,0.5,0.94,0.2628137485880247,13,0.19881662264520011,0.4616303712332248,0.283457839216145,0.17817253201707983,0,0,0
41,"Unknown work package ZZ-040 at offshore platform, 20%.",,CIV-L6-071,Foundation 071,civil,Area A,0,0.0,0.14084507042253522,0.42833182215690613,0.5,0.94,0.26151713313645036,14,0.20011323809677445,0.4616303712332248,0.283457839216145,0.17817253201707983,0,0,0
41,"Unknown work package ZZ-040 at offshore platform, 20%.",,CIV-L6-085,Foundation 085,civil,Area A,0,0.0,0.14084507042253522,0.42418259382247925,0.5,0.94,0.26054206447786005,15,0.20108830675536477,0.4616303712332248,0.283457839216145,0.17817253201707983,0,0,0
41,"Unknown work package ZZ-040 at offshore platform, 20%.",,CIV-L6-078,Foundation 078,civil,Area A,0,0.0,0.14084507042253522,0.4231821298599243,0.5,0.94,0.26030695544665966,16,0.20132341578656515,0.4616303712332248,0.283457839216145,0.17817253201707983,0,0,0
41,"Unknown work package ZZ-040 at offshore platform, 20%.",,CIV-L6-204,Foundation 204,civil,Area A,0,0.0,0.16901408450704225,0.4044874310493469,0.5,0.94,0.25988553221208943,17,0.20174483902113538,0.4616303712332248,0.283457839216145,0.17817253201707983,0,0,0
41,"Unknown work package ZZ-040 at offshore platform, 20%.",,HSE-L6-203,Safety inspection 203,hse,Site,0,0.0,0.18181818181818182,0.3872970640659332,0.5,0.94,0.2576511736918579,18,0.2039791975413669,0.4616303712332248,0.283457839216145,0.17817253201707983,0,0,0
41,"Unknown work package ZZ-040 at offshore platform, 20%.",,CIV-L6-057,Foundation 057,civil,Area A,0,0.0,0.14084507042253522,0.41052794456481934,0.5,0.94,0.25733322190231,19,0.2042971493309148,0.4616303712332248,0.283457839216145,0.17817253201707983,0,0,0
41,"Unknown work package ZZ-040 at offshore platform, 20%.",,CIV-L6-099,Foundation 099,civil,Area A,0,0.0,0.14084507042253522,0.4097091555595398,0.5,0.94,0.2571408064860693,20,0.20448956474715552,0.4616303712332248,0.283457839216145,0.17817253201707983,0,0,0
42,"Install cable tray 124 at R03 completed, 100%.",ELE-L6-124,ELE-L6-124,Install cable tray 124,electrical,R03,1,0.82,1.0,0.8950941562652588,1.0,0.94,0.8645871267223357,1,0.0,0.8645871267223357,0.6289089977741241,0.2356781289482116,0,1,1
42,"Install cable tray 124 at R03 completed, 100%.",ELE-L6-124,ELE-L6-201,Install cable tray 201,electrical,R03,0,0.0,0.75,0.8656359910964966,1.0,1.0,0.6289089977741241,2,0.2356781289482116,0.8645871267223357,0.6289089977741241,0.2356781289482116,0,1,1
42,"Install cable tray 124 at R03 completed, 100%.",ELE-L6-124,ELE-L6-061,Install cable tray 061,electrical,R03,0,0.0,0.75,0.8118833303451538,1.0,1.0,0.6154708325862884,3,0.2491162941360473,0.8645871267223357,0.6289089977741241,0.2356781289482116,0,1,1
42,"Install cable tray 124 at R03 completed, 100%.",ELE-L6-124,ELE-L6-103,Install cable tray 103,electrical,R03,0,0.0,0.75,0.8735573291778564,1.0,0.94,0.5930359723567962,4,0.27155115436553956,0.8645871267223357,0.6289089977741241,0.2356781289482116,0,1,1
42,"Install cable tray 124 at R03 completed, 100%.",ELE-L6-124,ELE-L6-236,Install cable tray 236,electrical,R03,0,0.0,0.75,0.8689820170402527,1.0,0.94,0.5919607740044593,5,0.2726263527178764,0.8645871267223357,0.6289089977741241,0.2356781289482116,0,1,1
42,"Install cable tray 124 at R03 completed, 100%.",ELE-L6-124,ELE-L6-110,Install cable tray 110,electrical,R03,0,0.0,0.75,0.8655238151550293,1.0,0.94,0.5911480965614319,6,0.2734390301609039,0.8645871267223357,0.6289089977741241,0.2356781289482116,0,1,1
42,"Install cable tray 124 at R03 completed, 100%.",ELE-L6-124,ELE-L6-131,Install cable tray 131,electrical,R03,0,0.0,0.75,0.8637276291847229,1.0,0.94,0.5907259928584099,7,0.27386113386392585,0.8645871267223357,0.6289089977741241,0.2356781289482116,0,1,1
42,"Install cable tray 124 at R03 completed, 100%.",ELE-L6-124,ELE-L6-194,Install cable tray 194,electrical,R03,0,0.0,0.75,0.8623325824737549,1.0,0.94,0.5903981568813323,8,0.2741889698410034,0.8645871267223357,0.6289089977741241,0.2356781289482116,0,1,1
42,"Install cable tray 124 at R03 completed, 100%.",ELE-L6-124,ELE-L6-145,Install cable tray 145,electrical,R03,0,0.0,0.75,0.8586844205856323,1.0,0.94,0.5895408388376235,9,0.2750462878847122,0.8645871267223357,0.6289089977741241,0.2356781289482116,0,1,1
42,"Install cable tray 124 at R03 completed, 100%.",ELE-L6-124,ELE-L6-159,Install cable tray 159,electrical,R03,0,0.0,0.75,0.8570953011512756,1.0,0.94,0.5891673957705498,10,0.27541973095178596,0.8645871267223357,0.6289089977741241,0.2356781289482116,0,1,1
42,"Install cable tray 124 at R03 completed, 100%.",ELE-L6-124,ELE-L6-019,Install cable tray 019,electrical,R03,0,0.0,0.75,0.8525981307029724,1.0,0.94,0.5881105607151985,11,0.2764765660071372,0.8645871267223357,0.6289089977741241,0.2356781289482116,0,1,1
42,"Install cable tray 124 at R03 completed, 100%.",ELE-L6-124,ELE-L6-152,Install cable tray 152,electrical,R03,0,0.0,0.75,0.8505087494850159,1.0,0.94,0.5876195561289786,12,0.2769675705933571,0.8645871267223357,0.6289089977741241,0.2356781289482116,0,1,1
42,"Install cable tray 124 at R03 completed, 100%.",ELE-L6-124,ELE-L6-026,Install cable tray 026,electrical,R03,0,0.0,0.75,0.8448981046676636,1.0,0.94,0.5863010545969009,13,0.2782860721254349,0.8645871267223357,0.6289089977741241,0.2356781289482116,0,1,1
42,"Install cable tray 124 at R03 completed, 100%.",ELE-L6-124,ELE-L6-250,Install cable tray 250,electrical,R03,0,0.0,0.75,0.8406640291213989,1.0,0.94,0.5853060468435287,14,0.279281079878807,0.8645871267223357,0.6289089977741241,0.2356781289482116,0,1,1
42,"Install cable tray 124 at R03 completed, 100%.",ELE-L6-124,ELE-L6-117,Install cable tray 117,electrical,R03,0,0.0,0.75,0.8406471610069275,1.0,0.94,0.5853020828366279,15,0.27928504388570785,0.8645871267223357,0.6289089977741241,0.2356781289482116,0,1,1
42,"Install cable tray 124 at R03 completed, 100%.",ELE-L6-124,ELE-L6-096,Install cable tray 096,electrical,R03,0,0.0,0.75,0.8381729125976562,1.0,0.94,0.5847206344604492,16,0.27986649226188653,0.8645871267223357,0.6289089977741241,0.2356781289482116,0,1,1
42,"Install cable tray 124 at R03 completed, 100%.",ELE-L6-124,ELE-L6-012,Install cable tray 012,electrical,R03,0,0.0,0.75,0.8371961116790771,1.0,0.94,0.5844910862445831,17,0.2800960404777526,0.8645871267223357,0.6289089977741241,0.2356781289482116,0,1,1
42,"Install cable tray 124 at R03 completed, 100%.",ELE-L6-124,ELE-L6-215,Install cable tray 215,electrical,R03,0,0.0,0.75,0.8323613405227661,1.0,0.94,0.58335491502285,18,0.28123221169948576,0.8645871267223357,0.6289089977741241,0.2356781289482116,0,1,1
42,"Install cable tray 124 at R03 completed, 100%.",ELE-L6-124,ELE-L6-264,Install cable tray 264,electrical,R03,0,0.0,0.75,0.8322636485099792,1.0,0.94,0.5833319573998451,19,0.2812551693224906,0.8645871267223357,0.6289089977741241,0.2356781289482116,0,1,1
42,"Install cable tray 124 at R03 completed, 100%.",ELE-L6-124,ELE-L6-138,Install cable tray 138,electrical,R03,0,0.0,0.75,0.8310939073562622,1.0,0.94,0.5830570682287216,20,0.2815300584936141,0.8645871267223357,0.6289089977741241,0.2356781289482116,0,1,1
43,"Foundation 127 at Area A completed, 50%.",CIV-L6-127,CIV-L6-127,Foundation 127,civil,Area A,1,0.82,1.0,0.7114561796188354,0.5,0.94,0.6804322022104262,1,0.0,0.6804322022104262,0.4144897282123565,0.2659424739980697,0,0,0
43,"Foundation 127 at Area A completed, 50%.",CIV-L6-127,CIV-L6-141,Foundation 141,civil,Area A,0,0.0,0.75,0.6079589128494263,0.5,1.0,0.4144897282123565,2,0.2659424739980697,0.6804322022104262,0.4144897282123565,0.2659424739980697,0,0,0
43,"Foundation 127 at Area A completed, 50%.",CIV-L6-127,CIV-L6-001,Foundation 001,civil,Area A,0,0.0,0.75,0.5751351714134216,0.5,1.0,0.40628379285335536,3,0.27414840935707085,0.6804322022104262,0.4144897282123565,0.2659424739980697,0,0,0
43,"Foundation 127 at Area A completed, 50%.",CIV-L6-127,CIV-L6-176,Foundation 176,civil,Area A,0,0.0,0.75,0.6625450849533081,0.5,0.94,0.40244809496402734,4,0.2779841072463989,0.6804322022104262,0.4144897282123565,0.2659424739980697,0,0,0
43,"Foundation 127 at Area A completed, 50%.",CIV-L6-127,CIV-L6-120,Foundation 120,civil,Area A,0,0.0,0.75,0.6531128883361816,0.5,0.94,0.40023152875900264,5,0.2802006734514236,0.6804322022104262,0.4144897282123565,0.2659424739980697,0,0,0
43,"Foundation 127 at Area A completed, 50%.",CIV-L6-127,CIV-L6-050,Foundation 050,civil,Area A,0,0.0,0.75,0.6147596836090088,0.5,0.94,0.391218525648117,6,0.28921367656230923,0.6804322022104262,0.4144897282123565,0.2659424739980697,0,0,0
43,"Foundation 127 at Area A completed, 50%.",CIV-L6-127,CIV-L6-204,Foundation 204,civil,Area A,0,0.0,0.75,0.5987412333488464,0.5,0.94,0.3874541898369788,7,0.2929780123734474,0.6804322022104262,0.4144897282123565,0.2659424739980697,0,0,0
43,"Foundation 127 at Area A completed, 50%.",CIV-L6-127,CIV-L6-260,Foundation 260,civil,Area A,0,0.0,0.75,0.5968884825706482,0.5,0.94,0.3870187934041023,8,0.29341340880632394,0.6804322022104262,0.4144897282123565,0.2659424739980697,0,0,0
43,"Foundation 127 at Area A completed, 50%.",CIV-L6-127,CIV-L6-148,Foundation 148,civil,Area A,0,0.0,0.75,0.5938133597373962,0.5,0.94,0.38629613953828806,9,0.29413606267213815,0.6804322022104262,0.4144897282123565,0.2659424739980697,0,0,0
43,"Foundation 127 at Area A completed, 50%.",CIV-L6-127,CIV-L6-106,Foundation 106,civil,Area A,0,0.0,0.75,0.59380042552948,0.5,0.94,0.38629309999942774,10,0.2941391022109985,0.6804322022104262,0.4144897282123565,0.2659424739980697,0,0,0
43,"Foundation 127 at Area A completed, 50%.",CIV-L6-127,CIV-L6-113,Foundation 113,civil,Area A,0,0.0,0.75,0.5917956829071045,0.5,0.94,0.3858219854831695,11,0.29461021672725674,0.6804322022104262,0.4144897282123565,0.2659424739980697,0,0,0
43,"Foundation 127 at Area A completed, 50%.",CIV-L6-127,CIV-L6-155,Foundation 155,civil,Area A,0,0.0,0.75,0.5882036089897156,0.5,0.94,0.3849778481125831,12,0.2954543540978431,0.6804322022104262,0.4144897282123565,0.2659424739980697,0,0,0
43,"Foundation 127 at Area A completed, 50%.",CIV-L6-127,CIV-L6-211,Foundation 211,civil,Area A,0,0.0,0.75,0.5881722569465637,0.5,0.94,0.3849704803824424,13,0.2954617218279838,0.6804322022104262,0.4144897282123565,0.2659424739980697,0,0,0
43,"Foundation 127 at Area A completed, 50%.",CIV-L6-127,CIV-L6-225,Foundation 225,civil,Area A,0,0.0,0.75,0.5856533646583557,0.5,0.94,0.38437854069471356,14,0.29605366151571266,0.6804322022104262,0.4144897282123565,0.2659424739980697,0,0,0
43,"Foundation 127 at Area A completed, 50%.",CIV-L6-127,CIV-L6-134,Foundation 134,civil,Area A,0,0.0,0.75,0.5854793787002563,0.5,0.94,0.38433765399456016,15,0.29609454821586606,0.6804322022104262,0.4144897282123565,0.2659424739980697,0,0,0
43,"Foundation 127 at Area A completed, 50%.",CIV-L6-127,CIV-L6-008,Foundation 008,civil,Area A,0,0.0,0.75,0.5837281942367554,0.5,0.94,0.38392612564563744,16,0.2965060765647888,0.6804322022104262,0.4144897282123565,0.2659424739980697,0,0,0
43,"Foundation 127 at Area A completed, 50%.",CIV-L6-127,CIV-L6-218,Foundation 218,civil,Area A,0,0.0,0.75,0.578648567199707,0.5,0.94,0.3827324132919311,17,0.29769978891849513,0.6804322022104262,0.4144897282123565,0.2659424739980697,0,0,0
43,"Foundation 127 at Area A completed, 50%.",CIV-L6-127,CIV-L6-015,Foundation 015,civil,Area A,0,0.0,0.75,0.5781369209289551,0.5,0.94,0.38261217641830436,18,0.29782002579212186,0.6804322022104262,0.4144897282123565,0.2659424739980697,0,0,0
43,"Foundation 127 at Area A completed, 50%.",CIV-L6-127,CIV-L6-169,Foundation 169,civil,Area A,0,0.0,0.75,0.5775902271270752,0.5,0.94,0.3824837033748626,19,0.2979484988355636,0.6804322022104262,0.4144897282123565,0.2659424739980697,0,0,0
43,"Foundation 127 at Area A completed, 50%.",CIV-L6-127,CIV-L6-267,Foundation 267,civil,Area A,0,0.0,0.75,0.5764379501342773,0.5,0.94,0.3822129182815551,20,0.2982192839288711,0.6804322022104262,0.4144897282123565,0.2659424739980697,0,0,0
44,"Install pump 130 at Unit 2 completed, 100%.",ROT-L6-130,ROT-L6-130,Install pump 130,rotating_equipment,Unit 2,1,0.82,1.0,0.8254836797714233,1.0,0.94,0.8482286647462844,1,0.0,0.8482286647462844,0.5564402878284453,0.2917883769178391,0,1,0
44,"Install pump 130 at Unit 2 completed, 100%.",ROT-L6-130,ROT-L6-221,Install pump 221,rotating_equipment,Unit 2,0,0.0,0.6666666666666666,0.6257611513137817,1.0,1.0,0.5564402878284453,2,0.2917883769178391,0.8482286647462844,0.5564402878284453,0.2917883769178391,0,1,0
44,"Install pump 130 at Unit 2 completed, 100%.",ROT-L6-130,ROT-L6-151,Install pump 151,rotating_equipment,Unit 2,0,0.0,0.6666666666666666,0.7616734504699707,1.0,0.94,0.554993260860443,3,0.29323540388584146,0.8482286647462844,0.5564402878284453,0.2917883769178391,0,1,0
44,"Install pump 130 at Unit 2 completed, 100%.",ROT-L6-130,ROT-L6-116,Install pump 116,rotating_equipment,Unit 2,0,0.0,0.6666666666666666,0.7417498230934143,1.0,0.94,0.5503112084269522,4,0.2979174563193322,0.8482286647462844,0.5564402878284453,0.2917883769178391,0,1,0
44,"Install pump 130 at Unit 2 completed, 100%.",ROT-L6-130,ROT-L6-165,Install pump 165,rotating_equipment,Unit 2,0,0.0,0.6666666666666666,0.7188848257064819,1.0,0.94,0.5449379340410231,5,0.30329073070526136,0.8482286647462844,0.5564402878284453,0.2917883769178391,0,1,0
44,"Install pump 130 at Unit 2 completed, 100%.",ROT-L6-130,ROT-L6-200,Install pump 200,rotating_equipment,Unit 2,0,0.0,0.6666666666666666,0.7147778272628784,1.0,0.94,0.5439727894067763,6,0.30425587533950815,0.8482286647462844,0.5564402878284453,0.2917883769178391,0,1,0
44,"Install pump 130 at Unit 2 completed, 100%.",ROT-L6-130,ROT-L6-102,Install pump 102,rotating_equipment,Unit 2,0,0.0,0.6666666666666666,0.7125735282897949,1.0,0.94,0.5434547791481017,7,0.30477388559818275,0.8482286647462844,0.5564402878284453,0.2917883769178391,0,1,0
44,"Install pump 130 at Unit 2 completed, 100%.",ROT-L6-130,ROT-L6-144,Install pump 144,rotating_equipment,Unit 2,0,0.0,0.6666666666666666,0.6860718131065369,1.0,0.94,0.537226876080036,8,0.3110017886662484,0.8482286647462844,0.5564402878284453,0.2917883769178391,0,1,0
44,"Install pump 130 at Unit 2 completed, 100%.",ROT-L6-130,ROT-L6-081,Install pump 081,rotating_equipment,Unit 2,0,0.0,0.6666666666666666,0.5465354919433594,1.0,1.0,0.5366338729858398,9,0.3115947917604447,0.8482286647462844,0.5564402878284453,0.2917883769178391,0,1,0
44,"Install pump 130 at Unit 2 completed, 100%.",ROT-L6-130,ROT-L6-123,Install pump 123,rotating_equipment,Unit 2,0,0.0,0.6666666666666666,0.6795056462287903,1.0,0.94,0.5356838268637656,10,0.31254483788251886,0.8482286647462844,0.5564402878284453,0.2917883769178391,0,1,0
44,"Install pump 130 at Unit 2 completed, 100%.",ROT-L6-130,ROT-L6-158,Install pump 158,rotating_equipment,Unit 2,0,0.0,0.6666666666666666,0.6640379428863525,1.0,0.94,0.5320489165782928,11,0.31617974816799166,0.8482286647462844,0.5564402878284453,0.2917883769178391,0,1,0
44,"Install pump 130 at Unit 2 completed, 100%.",ROT-L6-130,ROT-L6-137,Install pump 137,rotating_equipment,Unit 2,0,0.0,0.6666666666666666,0.6578194499015808,1.0,0.94,0.5305875707268713,12,0.3176410940194131,0.8482286647462844,0.5564402878284453,0.2917883769178391,0,1,0
44,"Install pump 130 at Unit 2 completed, 100%.",ROT-L6-130,ROT-L6-249,Install pump 249,rotating_equipment,Unit 2,0,0.0,0.6666666666666666,0.6496893167495728,1.0,0.94,0.5286769894361495,13,0.31955167531013495,0.8482286647462844,0.5564402878284453,0.2917883769178391,0,1,0
44,"Install pump 130 at Unit 2 completed, 100%.",ROT-L6-130,ROT-L6-179,Install pump 179,rotating_equipment,Unit 2,0,0.0,0.6666666666666666,0.6413176655769348,1.0,0.94,0.5267096514105796,14,0.3215190133357049,0.8482286647462844,0.5564402878284453,0.2917883769178391,0,1,0
44,"Install pump 130 at Unit 2 completed, 100%.",ROT-L6-130,ROT-L6-214,Install pump 214,rotating_equipment,Unit 2,0,0.0,0.6666666666666666,0.6341419816017151,1.0,0.94,0.525023365676403,15,0.3232052990698815,0.8482286647462844,0.5564402878284453,0.2917883769178391,0,1,0
44,"Install pump 130 at Unit 2 completed, 100%.",ROT-L6-130,ROT-L6-228,Install pump 228,rotating_equipment,Unit 2,0,0.0,0.6666666666666666,0.6329624652862549,1.0,0.94,0.5247461793422697,16,0.3234824854040147,0.8482286647462844,0.5564402878284453,0.2917883769178391,0,1,0
44,"Install pump 130 at Unit 2 completed, 100%.",ROT-L6-130,ROT-L6-193,Install pump 193,rotating_equipment,Unit 2,0,0.0,0.6666666666666666,0.630474865436554,1.0,0.94,0.52416159337759,17,0.3240670713686944,0.8482286647462844,0.5564402878284453,0.2917883769178391,0,1,0
44,"Install pump 130 at Unit 2 completed, 100%.",ROT-L6-130,ROT-L6-186,Install pump 186,rotating_equipment,Unit 2,0,0.0,0.6666666666666666,0.6302909851074219,1.0,0.94,0.524118381500244,18,0.3241102832460404,0.8482286647462844,0.5564402878284453,0.2917883769178391,0,1,0
44,"Install pump 130 at Unit 2 completed, 100%.",ROT-L6-130,ROT-L6-242,Install pump 242,rotating_equipment,Unit 2,0,0.0,0.6666666666666666,0.626660943031311,1.0,0.94,0.523265321612358,19,0.3249633431339265,0.8482286647462844,0.5564402878284453,0.2917883769178391,0,1,0
44,"Install pump 130 at Unit 2 completed, 100%.",ROT-L6-130,ROT-L6-011,Install pump 011,rotating_equipment,Unit 2,0,0.0,0.6666666666666666,0.626592755317688,1.0,0.94,0.5232492974996565,20,0.3249793672466279,0.8482286647462844,0.5564402878284453,0.2917883769178391,0,1,0
45,"Safety inspection 133 at Site completed, 50%.",HSE-L6-133,HSE-L6-133,Safety inspection 133,hse,Site,1,0.82,1.0,0.8628228902816772,1.0,0.94,0.8570033792161941,1,0.0,0.8570033792161941,0.6017533898353576,0.25524998938083643,0,1,0
45,"Safety inspection 133 at Site completed, 50%.",HSE-L6-133,HSE-L6-161,Safety inspection 161,hse,Site,0,0.0,0.75,0.7570135593414307,1.0,1.0,0.6017533898353576,2,0.25524998938083643,0.8570033792161941,0.6017533898353576,0.25524998938083643,0,1,0
45,"Safety inspection 133 at Site completed, 50%.",HSE-L6-133,HSE-L6-021,Safety inspection 021,hse,Site,0,0.0,0.75,0.7219550609588623,1.0,1.0,0.5929887652397156,3,0.2640146139764785,0.8570033792161941,0.6017533898353576,0.25524998938083643,0,1,0
45,"Safety inspection 133 at Site completed, 50%.",HSE-L6-133,HSE-L6-140,Safety inspection 140,hse,Site,0,0.0,0.75,0.8128209114074707,1.0,0.94,0.5787629141807555,4,0.27824046503543853,0.8570033792161941,0.6017533898353576,0.25524998938083643,0,1,0
45,"Safety inspection 133 at Site completed, 50%.",HSE-L6-133,HSE-L6-126,Safety inspection 126,hse,Site,0,0.0,0.75,0.7960343360900879,1.0,0.94,0.5748180689811706,5,0.28218531023502347,0.8570033792161941,0.6017533898353576,0.25524998938083643,0,1,0
45,"Safety inspection 133 at Site completed, 50%.",HSE-L6-133,HSE-L6-196,Safety inspection 196,hse,Site,0,0.0,0.75,0.7915408611297607,1.0,0.94,0.5737621023654937,6,0.28324127685070033,0.8570033792161941,0.6017533898353576,0.25524998938083643,0,1,0
45,"Safety inspection 133 at Site completed, 50%.",HSE-L6-133,HSE-L6-168,Safety inspection 168,hse,Site,0,0.0,0.75,0.7819565534591675,1.0,0.94,0.5715097900629043,7,0.2854935891532898,0.8570033792161941,0.6017533898353576,0.25524998938083643,0,1,0
45,"Safety inspection 133 at Site completed, 50%.",HSE-L6-133,HSE-L6-231,Safety inspection 231,hse,Site,0,0.0,0.75,0.7815793752670288,1.0,0.94,0.5714211531877517,8,0.2855822260284424,0.8570033792161941,0.6017533898353576,0.25524998938083643,0,1,0
45,"Safety inspection 133 at Site completed, 50%.",HSE-L6-133,HSE-L6-203,Safety inspection 203,hse,Site,0,0.0,0.75,0.7718057632446289,1.0,0.94,0.5691243543624878,9,0.2878790248537063,0.8570033792161941,0.6017533898353576,0.25524998938083643,0,1,0
45,"Safety inspection 133 at Site completed, 50%.",HSE-L6-133,HSE-L6-210,Safety inspection 210,hse,Site,0,0.0,0.75,0.7704555988311768,1.0,0.94,0.5688070657253265,10,0.2881963134908676,0.8570033792161941,0.6017533898353576,0.25524998938083643,0,1,0
45,"Safety inspection 133 at Site completed, 50%.",HSE-L6-133,HSE-L6-147,Safety inspection 147,hse,Site,0,0.0,0.75,0.7679299116134644,1.0,0.94,0.568213529229164,11,0.28878984998703006,0.8570033792161941,0.6017533898353576,0.25524998938083643,0,1,0
45,"Safety inspection 133 at Site completed, 50%.",HSE-L6-133,HSE-L6-217,Safety inspection 217,hse,Site,0,0.0,0.75,0.7582583427429199,1.0,0.94,0.5659407105445862,12,0.2910626686716079,0.8570033792161941,0.6017533898353576,0.25524998938083643,0,1,0
45,"Safety inspection 133 at Site completed, 50%.",HSE-L6-133,HSE-L6-280,Safety inspection 280,hse,Site,0,0.0,0.75,0.756633996963501,1.0,0.94,0.5655589892864227,13,0.2914443899297714,0.8570033792161941,0.6017533898353576,0.25524998938083643,0,1,0
45,"Safety inspection 133 at Site completed, 50%.",HSE-L6-133,HSE-L6-119,Safety inspection 119,hse,Site,0,0.0,0.75,0.7562249302864075,1.0,0.94,0.5654628586173057,14,0.29154052059888835,0.8570033792161941,0.6017533898353576,0.25524998938083643,0,1,0
45,"Safety inspection 133 at Site completed, 50%.",HSE-L6-133,HSE-L6-266,Safety inspection 266,hse,Site,0,0.0,0.75,0.7528990507125854,1.0,0.94,0.5646812769174575,15,0.29232210229873656,0.8570033792161941,0.6017533898353576,0.25524998938083643,0,1,0
45,"Safety inspection 133 at Site completed, 50%.",HSE-L6-133,HSE-L6-154,Safety inspection 154,hse,Site,0,0.0,0.75,0.747674822807312,1.0,0.94,0.5634535833597183,16,0.2935497958564758,0.8570033792161941,0.6017533898353576,0.25524998938083643,0,1,0
45,"Safety inspection 133 at Site completed, 50%.",HSE-L6-133,HSE-L6-105,Safety inspection 105,hse,Site,0,0.0,0.75,0.7446590065956116,1.0,0.94,0.5627448665499687,17,0.2942585126662254,0.8570033792161941,0.6017533898353576,0.25524998938083643,0,1,0
45,"Safety inspection 133 at Site completed, 50%.",HSE-L6-133,HSE-L6-175,Safety inspection 175,hse,Site,0,0.0,0.75,0.7437348365783691,1.0,0.94,0.5625276865959167,18,0.2944756926202774,0.8570033792161941,0.6017533898353576,0.25524998938083643,0,1,0
45,"Safety inspection 133 at Site completed, 50%.",HSE-L6-133,HSE-L6-245,Safety inspection 245,hse,Site,0,0.0,0.75,0.7436890602111816,1.0,0.94,0.5625169291496276,19,0.2944864500665665,0.8570033792161941,0.6017533898353576,0.25524998938083643,0,1,0
45,"Safety inspection 133 at Site completed, 50%.",HSE-L6-133,HSE-L6-014,Safety inspection 014,hse,Site,0,0.0,0.75,0.743268609046936,1.0,0.94,0.5624181231260299,20,0.29458525609016417,0.8570033792161941,0.6017533898353576,0.25524998938083643,0,1,0
46,"Erect vessel 136 at Unit 2 completed, 100%.",STA-L6-136,STA-L6-136,Erect vessel 136,static_equipment,Unit 2,1,0.82,1.0,0.815085232257843,1.0,0.94,0.845785029580593,1,0.0,0.845785029580593,0.5781840026378631,0.2676010269427299,0,1,0
46,"Erect vessel 136 at Unit 2 completed, 100%.",STA-L6-136,STA-L6-101,Erect vessel 101,static_equipment,Unit 2,0,0.0,0.6666666666666666,0.7127360105514526,1.0,1.0,0.5781840026378631,2,0.2676010269427299,0.845785029580593,0.5781840026378631,0.2676010269427299,0,1,0
46,"Erect vessel 136 at Unit 2 completed, 100%.",STA-L6-136,STA-L6-241,Erect vessel 241,static_equipment,Unit 2,0,0.0,0.6666666666666666,0.7096070051193237,1.0,1.0,0.5774017512798308,3,0.26838327830076214,0.845785029580593,0.5781840026378631,0.2676010269427299,0,1,0
46,"Erect vessel 136 at Unit 2 completed, 100%.",STA-L6-136,STA-L6-115,Erect vessel 115,static_equipment,Unit 2,0,0.0,0.6666666666666666,0.7825369834899902,1.0,0.94,0.5598961911201475,4,0.28588883846044544,0.845785029580593,0.5781840026378631,0.2676010269427299,0,1,0
46,"Erect vessel 136 at Unit 2 completed, 100%.",STA-L6-136,STA-L6-129,Erect vessel 129,static_equipment,Unit 2,0,0.0,0.6666666666666666,0.7725695371627808,1.0,0.94,0.5575538412332534,5,0.28823118834733963,0.845785029580593,0.5781840026378631,0.2676010269427299,0,1,0
46,"Erect vessel 136 at Unit 2 completed, 100%.",STA-L6-136,STA-L6-199,Erect vessel 199,static_equipment,Unit 2,0,0.0,0.6666666666666666,0.7723285555839539,1.0,0.94,0.557497210562229,6,0.288287819018364,0.845785029580593,0.5781840026378631,0.2676010269427299,0,1,0
46,"Erect vessel 136 at Unit 2 completed, 100%.",STA-L6-136,STA-L6-122,Erect vessel 122,static_equipment,Unit 2,0,0.0,0.6666666666666666,0.7618993520736694,1.0,0.94,0.5550463477373122,7,0.2907386818432808,0.845785029580593,0.5781840026378631,0.2676010269427299,0,1,0
46,"Erect vessel 136 at Unit 2 completed, 100%.",STA-L6-136,STA-L6-143,Erect vessel 143,static_equipment,Unit 2,0,0.0,0.6666666666666666,0.7506998181343079,1.0,0.94,0.5524144572615622,8,0.29337057231903074,0.845785029580593,0.5781840026378631,0.2676010269427299,0,1,0
46,"Erect vessel 136 at Unit 2 completed, 100%.",STA-L6-136,STA-L6-164,Erect vessel 164,static_equipment,Unit 2,0,0.0,0.6666666666666666,0.7474576234817505,1.0,0.94,0.5516525415182113,9,0.2941324880623817,0.845785029580593,0.5781840026378631,0.2676010269427299,0,1,0
46,"Erect vessel 136 at Unit 2 completed, 100%.",STA-L6-136,STA-L6-213,Erect vessel 213,static_equipment,Unit 2,0,0.0,0.6666666666666666,0.745684027671814,1.0,0.94,0.5512357465028762,10,0.2945492830777168,0.845785029580593,0.5781840026378631,0.2676010269427299,0,1,0
46,"Erect vessel 136 at Unit 2 completed, 100%.",STA-L6-136,STA-L6-220,Erect vessel 220,static_equipment,Unit 2,0,0.0,0.6666666666666666,0.7391706109046936,1.0,0.94,0.5497050935626029,11,0.2960799360179901,0.845785029580593,0.5781840026378631,0.2676010269427299,0,1,0
46,"Erect vessel 136 at Unit 2 completed, 100%.",STA-L6-136,STA-L6-234,Erect vessel 234,static_equipment,Unit 2,0,0.0,0.6666666666666666,0.7389286756515503,1.0,0.94,0.5496482387781142,12,0.2961367908024788,0.845785029580593,0.5781840026378631,0.2676010269427299,0,1,0
46,"Erect vessel 136 at Unit 2 completed, 100%.",STA-L6-136,STA-L6-157,Erect vessel 157,static_equipment,Unit 2,0,0.0,0.6666666666666666,0.7352712750434875,1.0,0.94,0.5487887496352195,13,0.2969962799453735,0.845785029580593,0.5781840026378631,0.2676010269427299,0,1,0
46,"Erect vessel 136 at Unit 2 completed, 100%.",STA-L6-136,STA-L6-171,Erect vessel 171,static_equipment,Unit 2,0,0.0,0.6666666666666666,0.7288228273391724,1.0,0.94,0.5472733644247054,14,0.29851166515588756,0.845785029580593,0.5781840026378631,0.2676010269427299,0,1,0
46,"Erect vessel 136 at Unit 2 completed, 100%.",STA-L6-136,STA-L6-108,Erect vessel 108,static_equipment,Unit 2,0,0.0,0.6666666666666666,0.7287057638168335,1.0,0.94,0.5472458544969557,15,0.29853917508363725,0.845785029580593,0.5781840026378631,0.2676010269427299,0,1,0
46,"Erect vessel 136 at Unit 2 completed, 100%.",STA-L6-136,STA-L6-024,Erect vessel 024,static_equipment,Unit 2,0,0.0,0.6666666666666666,0.7283573746681213,1.0,0.94,0.5471639830470084,16,0.29862104653358457,0.845785029580593,0.5781840026378631,0.2676010269427299,0,1,0
46,"Erect vessel 136 at Unit 2 completed, 100%.",STA-L6-136,STA-L6-276,Erect vessel 276,static_equipment,Unit 2,0,0.0,0.6666666666666666,0.7282092571258545,1.0,0.94,0.5471291754245757,17,0.29865585415601725,0.845785029580593,0.5781840026378631,0.2676010269427299,0,1,0
46,"Erect vessel 136 at Unit 2 completed, 100%.",STA-L6-136,STA-L6-206,Erect vessel 206,static_equipment,Unit 2,0,0.0,0.6666666666666666,0.7248906493186951,1.0,0.94,0.5463493025898932,18,0.29943572699069976,0.845785029580593,0.5781840026378631,0.2676010269427299,0,1,0
46,"Erect vessel 136 at Unit 2 completed, 100%.",STA-L6-136,STA-L6-003,Erect vessel 003,static_equipment,Unit 2,0,0.0,0.6666666666666666,0.717230498790741,1.0,0.94,0.544549167215824,19,0.30123586236476896,0.845785029580593,0.5781840026378631,0.2676010269427299,0,1,0
46,"Erect vessel 136 at Unit 2 completed, 100%.",STA-L6-136,STA-L6-017,Erect vessel 017,static_equipment,Unit 2,0,0.0,0.6666666666666666,0.7160990238189697,1.0,0.94,0.5442832705974577,20,0.30150175898313525,0.845785029580593,0.5781840026378631,0.2676010269427299,0,1,0
47,"Calibrate transmitter 139 at Unit 2 completed, 50%.",INS-L6-139,INS-L6-139,Calibrate transmitter 139,instrumentation,Unit 2,1,0.82,1.0,0.8912427425384521,1.0,0.94,0.8636820444965362,1,0.0,0.8636820444965362,0.5991973519325255,0.26448469256401064,0,1,0
47,"Calibrate transmitter 139 at Unit 2 completed, 50%.",INS-L6-139,INS-L6-181,Calibrate transmitter 181,instrumentation,Unit 2,0,0.0,0.6666666666666666,0.7967894077301025,1.0,1.0,0.5991973519325255,2,0.26448469256401064,0.8636820444965362,0.5991973519325255,0.26448469256401064,0,1,0
47,"Calibrate transmitter 139 at Unit 2 completed, 50%.",INS-L6-139,INS-L6-041,Calibrate transmitter 041,instrumentation,Unit 2,0,0.0,0.6666666666666666,0.765931248664856,1.0,1.0,0.5914828121662139,3,0.2721992323303223,0.8636820444965362,0.5991973519325255,0.26448469256401064,0,1,0
47,"Calibrate transmitter 139 at Unit 2 completed, 50%.",INS-L6-139,INS-L6-237,Calibrate transmitter 237,instrumentation,Unit 2,0,0.0,0.6666666666666666,0.8534668684005737,1.0,0.94,0.5765647140741347,4,0.2871173304224015,0.8636820444965362,0.5991973519325255,0.26448469256401064,0,1,0
47,"Calibrate transmitter 139 at Unit 2 completed, 50%.",INS-L6-139,INS-L6-272,Calibrate transmitter 272,instrumentation,Unit 2,0,0.0,0.6666666666666666,0.8288754224777222,1.0,0.94,0.5707857242822646,5,0.2928963202142716,0.8636820444965362,0.5991973519325255,0.26448469256401064,0,1,0
47,"Calibrate transmitter 139 at Unit 2 completed, 50%.",INS-L6-139,INS-L6-118,Calibrate transmitter 118,instrumentation,Unit 2,0,0.0,0.6666666666666666,0.8257246017456055,1.0,0.94,0.5700452814102172,6,0.29363676308631903,0.8636820444965362,0.5991973519325255,0.26448469256401064,0,1,0
47,"Calibrate transmitter 139 at Unit 2 completed, 50%.",INS-L6-139,INS-L6-132,Calibrate transmitter 132,instrumentation,Unit 2,0,0.0,0.6756756756756757,0.8173602819442749,1.0,0.94,0.5693499365271748,7,0.2943321079693614,0.8636820444965362,0.5991973519325255,0.26448469256401064,0,1,0
47,"Calibrate transmitter 139 at Unit 2 completed, 50%.",INS-L6-139,INS-L6-167,Calibrate transmitter 167,instrumentation,Unit 2,0,0.0,0.6666666666666666,0.8216568231582642,1.0,0.94,0.5690893534421919,8,0.29459269105434427,0.8636820444965362,0.5991973519325255,0.26448469256401064,0,1,0
47,"Calibrate transmitter 139 at Unit 2 completed, 50%.",INS-L6-139,INS-L6-279,Calibrate transmitter 279,instrumentation,Unit 2,0,0.0,0.6666666666666666,0.8092526197433472,1.0,0.94,0.5661743656396865,9,0.2975076788568497,0.8636820444965362,0.5991973519325255,0.26448469256401064,0,1,0
47,"Calibrate transmitter 139 at Unit 2 completed, 50%.",INS-L6-139,INS-L6-244,Calibrate transmitter 244,instrumentation,Unit 2,0,0.0,0.6666666666666666,0.8091340065002441,1.0,0.94,0.5661464915275572,10,0.29753555296897893,0.8636820444965362,0.5991973519325255,0.26448469256401064,0,1,0
47,"Calibrate transmitter 139 at Unit 2 completed, 50%.",INS-L6-139,INS-L6-195,Calibrate transmitter 195,instrumentation,Unit 2,0,0.0,0.6756756756756757,0.8028478622436523,1.0,0.94,0.5659395178975285,11,0.2977425265990077,0.8636820444965362,0.5991973519325255,0.26448469256401064,0,1,0
47,"Calibrate transmitter 139 at Unit 2 completed, 50%.",INS-L6-139,INS-L6-146,Calibrate transmitter 146,instrumentation,Unit 2,0,0.0,0.6666666666666666,0.7999222874641418,1.0,0.94,0.5639817375540732,12,0.29970030694246297,0.8636820444965362,0.5991973519325255,0.26448469256401064,0,1,0
47,"Calibrate transmitter 139 at Unit 2 completed, 50%.",INS-L6-139,INS-L6-104,Calibrate transmitter 104,instrumentation,Unit 2,0,0.0,0.6666666666666666,0.7993988394737244,1.0,0.94,0.5638587272763251,13,0.29982331722021105,0.8636820444965362,0.5991973519325255,0.26448469256401064,0,1,0
47,"Calibrate transmitter 139 at Unit 2 completed, 50%.",INS-L6-139,INS-L6-027,Calibrate transmitter 027,instrumentation,Unit 2,0,0.0,0.6666666666666666,0.7952408790588379,1.0,0.94,0.5628816065788268,14,0.3008004379177094,0.8636820444965362,0.5991973519325255,0.26448469256401064,0,1,0
47,"Calibrate transmitter 139 at Unit 2 completed, 50%.",INS-L6-139,INS-L6-174,Calibrate transmitter 174,instrumentation,Unit 2,0,0.0,0.6666666666666666,0.7915666103363037,1.0,0.94,0.5620181534290313,15,0.3016638910675049,0.8636820444965362,0.5991973519325255,0.26448469256401064,0,1,0
47,"Calibrate transmitter 139 at Unit 2 completed, 50%.",INS-L6-139,INS-L6-062,Calibrate transmitter 062,instrumentation,Unit 2,0,0.0,0.6666666666666666,0.7887791395187378,1.0,0.94,0.5613630977869033,16,0.3023189467096329,0.8636820444965362,0.5991973519325255,0.26448469256401064,0,1,0
47,"Calibrate transmitter 139 at Unit 2 completed, 50%.",INS-L6-139,INS-L6-125,Calibrate transmitter 125,instrumentation,Unit 2,0,0.0,0.6756756756756757,0.7830897569656372,1.0,0.94,0.561296363157195,17,0.3023856813393412,0.8636820444965362,0.5991973519325255,0.26448469256401064,0,1,0
47,"Calibrate transmitter 139 at Unit 2 completed, 50%.",INS-L6-139,INS-L6-265,Calibrate transmitter 265,instrumentation,Unit 2,0,0.0,0.6666666666666666,0.7875000238418579,1.0,0.94,0.5610625056028365,18,0.30261953889369964,0.8636820444965362,0.5991973519325255,0.26448469256401064,0,1,0
47,"Calibrate transmitter 139 at Unit 2 completed, 50%.",INS-L6-139,INS-L6-202,Calibrate transmitter 202,instrumentation,Unit 2,0,0.0,0.6666666666666666,0.7869507074356079,1.0,0.94,0.5609334162473677,19,0.3027486282491685,0.8636820444965362,0.5991973519325255,0.26448469256401064,0,1,0
47,"Calibrate transmitter 139 at Unit 2 completed, 50%.",INS-L6-139,INS-L6-258,Calibrate transmitter 258,instrumentation,Unit 2,0,0.0,0.6666666666666666,0.786901593208313,1.0,0.94,0.5609218744039535,20,0.3027601700925827,0.8636820444965362,0.5991973519325255,0.26448469256401064,0,1,0
48,"Erect line 142 at R03 completed, 100%.",PIP-L6-142,PIP-L6-142,Erect line 142,piping,R03,1,0.82,1.0,0.7413468956947327,1.0,0.94,0.8284565204882621,1,0.0,0.8284565204882621,0.827873615374565,0.0005829051136970742,0,1,1
48,"Erect line 142 at R03 completed, 100%.",PIP-L6-142,PIP-L6-100,Erect line 100,piping,R03,0,0.82,1.0,0.7388664484024048,1.0,0.94,0.827873615374565,2,0.0005829051136970742,0.8284565204882621,0.827873615374565,0.0005829051136970742,0,1,1
48,"Erect line 142 at R03 completed, 100%.",PIP-L6-142,PIP-L6-261,Erect line 261,piping,R03,0,0.0,0.6666666666666666,0.661666989326477,1.0,1.0,0.5654167473316192,3,0.26303977315664295,0.8284565204882621,0.827873615374565,0.0005829051136970742,0,1,1
48,"Erect line 142 at R03 completed, 100%.",PIP-L6-142,PIP-L6-121,Erect line 121,piping,R03,0,0.0,0.6666666666666666,0.6578887701034546,1.0,1.0,0.5644721925258636,4,0.26398432796239857,0.8284565204882621,0.827873615374565,0.0005829051136970742,0,1,1
48,"Erect line 142 at R03 completed, 100%.",PIP-L6-142,PIP-L6-170,Erect line 170,piping,R03,0,0.0,0.6666666666666666,0.7333565950393677,1.0,0.94,0.5483387998342513,5,0.28011772065401086,0.8284565204882621,0.827873615374565,0.0005829051136970742,0,1,1
48,"Erect line 142 at R03 completed, 100%.",PIP-L6-142,PIP-L6-156,Erect line 156,piping,R03,0,0.0,0.6666666666666666,0.7283922433853149,1.0,0.94,0.5471721771955489,6,0.28128434329271323,0.8284565204882621,0.827873615374565,0.0005829051136970742,0,1,1
48,"Erect line 142 at R03 completed, 100%.",PIP-L6-142,PIP-L6-114,Erect line 114,piping,R03,0,0.0,0.6666666666666666,0.7275100350379944,1.0,0.94,0.5469648582339286,7,0.28149166225433353,0.8284565204882621,0.827873615374565,0.0005829051136970742,0,1,1
48,"Erect line 142 at R03 completed, 100%.",PIP-L6-142,PIP-L6-149,Erect line 149,piping,R03,0,0.0,0.6666666666666666,0.7268174886703491,1.0,0.94,0.546802109837532,8,0.28165441065073016,0.8284565204882621,0.827873615374565,0.0005829051136970742,0,1,1
48,"Erect line 142 at R03 completed, 100%.",PIP-L6-142,PIP-L6-233,Erect line 233,piping,R03,0,0.0,0.6666666666666666,0.7237420082092285,1.0,0.94,0.5460793719291686,9,0.28237714855909357,0.8284565204882621,0.827873615374565,0.0005829051136970742,0,1,1
48,"Erect line 142 at R03 completed, 100%.",PIP-L6-142,PIP-L6-240,Erect line 240,piping,R03,0,0.0,0.6666666666666666,0.7151573896408081,1.0,0.94,0.5440619865655898,10,0.28439453392267233,0.8284565204882621,0.827873615374565,0.0005829051136970742,0,1,1
48,"Erect line 142 at R03 completed, 100%.",PIP-L6-142,PIP-L6-030,Erect line 030,piping,R03,0,0.0,0.6666666666666666,0.7126681208610535,1.0,0.94,0.5434770084023475,11,0.28497951208591465,0.8284565204882621,0.827873615374565,0.0005829051136970742,0,1,1
48,"Erect line 142 at R03 completed, 100%.",PIP-L6-142,PIP-L6-219,Erect line 219,piping,R03,0,0.0,0.6666666666666666,0.7098271250724792,1.0,0.94,0.5428093743920325,12,0.28564714609622965,0.8284565204882621,0.827873615374565,0.0005829051136970742,0,1,1
48,"Erect line 142 at R03 completed, 100%.",PIP-L6-142,PIP-L6-135,Erect line 135,piping,R03,0,0.0,0.6666666666666666,0.7060036659240723,1.0,0.94,0.5419108614921568,13,0.2865456589961053,0.8284565204882621,0.827873615374565,0.0005829051136970742,0,1,1
48,"Erect line 142 at R03 completed, 100%.",PIP-L6-142,PIP-L6-044,Erect line 044,piping,R03,0,0.0,0.6666666666666666,0.7004982233047485,1.0,0.94,0.5406170824766158,14,0.28783943801164635,0.8284565204882621,0.827873615374565,0.0005829051136970742,0,1,1
48,"Erect line 142 at R03 completed, 100%.",PIP-L6-142,PIP-L6-198,Erect line 198,piping,R03,0,0.0,0.6666666666666666,0.6977211236953735,1.0,0.94,0.5399644640684127,15,0.28849205641984943,0.8284565204882621,0.827873615374565,0.0005829051136970742,0,1,1
48,"Erect line 142 at R03 completed, 100%.",PIP-L6-142,PIP-L6-107,Erect line 107,piping,R03,0,0.0,0.6666666666666666,0.6974981427192688,1.0,0.94,0.5399120635390281,16,0.28854445694923403,0.8284565204882621,0.827873615374565,0.0005829051136970742,0,1,1
48,"Erect line 142 at R03 completed, 100%.",PIP-L6-142,PIP-L6-275,Erect line 275,piping,R03,0,0.0,0.6666666666666666,0.6969435811042786,1.0,0.94,0.5397817415595053,17,0.2886747789287568,0.8284565204882621,0.827873615374565,0.0005829051136970742,0,1,1
48,"Erect line 142 at R03 completed, 100%.",PIP-L6-142,PIP-L6-247,Erect line 247,piping,R03,0,0.0,0.6666666666666666,0.6966676115989685,1.0,0.94,0.5397168887257575,18,0.2887396317625046,0.8284565204882621,0.827873615374565,0.0005829051136970742,0,1,1
48,"Erect line 142 at R03 completed, 100%.",PIP-L6-142,PIP-L6-226,Erect line 226,piping,R03,0,0.0,0.6666666666666666,0.6949996948242188,1.0,0.94,0.5393249282836913,19,0.28913159220457085,0.8284565204882621,0.827873615374565,0.0005829051136970742,0,1,1
48,"Erect line 142 at R03 completed, 100%.",PIP-L6-142,PIP-L6-023,Erect line 023,piping,R03,0,0.0,0.6666666666666666,0.694992184638977,1.0,0.94,0.5393231633901595,20,0.2891333570981026,0.8284565204882621,0.827873615374565,0.0005829051136970742,0,1,1
49,"Install cable tray 145 at R03 completed, 50%.",ELE-L6-145,ELE-L6-145,Install cable tray 145,electrical,R03,1,0.82,1.0,0.881574273109436,1.0,0.94,0.8614099541807174,1,0.0,0.8614099541807174,0.6209184885025024,0.240491465678215,0,1,1
49,"Install cable tray 145 at R03 completed, 50%.",ELE-L6-145,ELE-L6-201,Install cable tray 201,electrical,R03,0,0.0,0.75,0.8336739540100098,1.0,1.0,0.6209184885025024,2,0.240491465678215,0.8614099541807174,0.6209184885025024,0.240491465678215,0,1,1
49,"Install cable tray 145 at R03 completed, 50%.",ELE-L6-145,ELE-L6-061,Install cable tray 061,electrical,R03,0,0.0,0.75,0.7918753623962402,1.0,1.0,0.61046884059906,3,0.2509411135816574,0.8614099541807174,0.6209184885025024,0.240491465678215,0,1,1
49,"Install cable tray 145 at R03 completed, 50%.",ELE-L6-145,ELE-L6-124,Install cable tray 124,electrical,R03,0,0.0,0.75,0.8447461128234863,1.0,0.94,0.5862653365135192,4,0.2751446176671982,0.8614099541807174,0.6209184885025024,0.240491465678215,0,1,1
49,"Install cable tray 145 at R03 completed, 50%.",ELE-L6-145,ELE-L6-103,Install cable tray 103,electrical,R03,0,0.0,0.75,0.8438547253608704,1.0,0.94,0.5860558604598045,5,0.2753540937209129,0.8614099541807174,0.6209184885025024,0.240491465678215,0,1,1
49,"Install cable tray 145 at R03 completed, 50%.",ELE-L6-145,ELE-L6-278,Install cable tray 278,electrical,R03,0,0.0,0.75,0.8421074748039246,1.0,0.94,0.5856452565789222,6,0.27576469760179523,0.8614099541807174,0.6209184885025024,0.240491465678215,0,1,1
49,"Install cable tray 145 at R03 completed, 50%.",ELE-L6-145,ELE-L6-236,Install cable tray 236,electrical,R03,0,0.0,0.75,0.8406949639320374,1.0,0.94,0.5853133165240287,7,0.2760966376566887,0.8614099541807174,0.6209184885025024,0.240491465678215,0,1,1
49,"Install cable tray 145 at R03 completed, 50%.",ELE-L6-145,ELE-L6-159,Install cable tray 159,electrical,R03,0,0.0,0.75,0.838898777961731,1.0,0.94,0.5848912128210068,8,0.27651874135971066,0.8614099541807174,0.6209184885025024,0.240491465678215,0,1,1
49,"Install cable tray 145 at R03 completed, 50%.",ELE-L6-145,ELE-L6-152,Install cable tray 152,electrical,R03,0,0.0,0.75,0.8388928174972534,1.0,0.94,0.5848898121118545,9,0.2765201420688629,0.8614099541807174,0.6209184885025024,0.240491465678215,0,1,1
49,"Install cable tray 145 at R03 completed, 50%.",ELE-L6-145,ELE-L6-110,Install cable tray 110,electrical,R03,0,0.0,0.75,0.8357681035995483,1.0,0.94,0.5841555043458938,10,0.2772544498348236,0.8614099541807174,0.6209184885025024,0.240491465678215,0,1,1
49,"Install cable tray 145 at R03 completed, 50%.",ELE-L6-145,ELE-L6-250,Install cable tray 250,electrical,R03,0,0.0,0.75,0.8352625966072083,1.0,0.94,0.5840367102026939,11,0.27737324397802354,0.8614099541807174,0.6209184885025024,0.240491465678215,0,1,1
49,"Install cable tray 145 at R03 completed, 50%.",ELE-L6-145,ELE-L6-131,Install cable tray 131,electrical,R03,0,0.0,0.75,0.832930326461792,1.0,0.94,0.5834886267185211,12,0.27792132746219633,0.8614099541807174,0.6209184885025024,0.240491465678215,0,1,1
49,"Install cable tray 145 at R03 completed, 50%.",ELE-L6-145,ELE-L6-194,Install cable tray 194,electrical,R03,0,0.0,0.75,0.8324151635169983,1.0,0.94,0.5833675634264945,13,0.2780423907542229,0.8614099541807174,0.6209184885025024,0.240491465678215,0,1,1
49,"Install cable tray 145 at R03 completed, 50%.",ELE-L6-145,ELE-L6-215,Install cable tray 215,electrical,R03,0,0.0,0.75,0.828295886516571,1.0,0.94,0.5823995333313942,14,0.27901042084932326,0.8614099541807174,0.6209184885025024,0.240491465678215,0,1,1
49,"Install cable tray 145 at R03 completed, 50%.",ELE-L6-145,ELE-L6-166,Install cable tray 166,electrical,R03,0,0.0,0.75,0.8248422741889954,1.0,0.94,0.5815879344344138,15,0.2798220197463036,0.8614099541807174,0.6209184885025024,0.240491465678215,0,1,1
49,"Install cable tray 145 at R03 completed, 50%.",ELE-L6-145,ELE-L6-187,Install cable tray 187,electrical,R03,0,0.0,0.75,0.8244823217391968,1.0,0.94,0.5815033456087112,16,0.2799066085720062,0.8614099541807174,0.6209184885025024,0.240491465678215,0,1,1
49,"Install cable tray 145 at R03 completed, 50%.",ELE-L6-145,ELE-L6-180,Install cable tray 180,electrical,R03,0,0.0,0.75,0.818230390548706,1.0,0.94,0.5800341417789459,17,0.28137581240177156,0.8614099541807174,0.6209184885025024,0.240491465678215,0,1,1
49,"Install cable tray 145 at R03 completed, 50%.",ELE-L6-145,ELE-L6-257,Install cable tray 257,electrical,R03,0,0.0,0.75,0.818057119846344,1.0,0.94,0.5799934231638908,18,0.2814165310168266,0.8614099541807174,0.6209184885025024,0.240491465678215,0,1,1
49,"Install cable tray 145 at R03 completed, 50%.",ELE-L6-145,ELE-L6-264,Install cable tray 264,electrical,R03,0,0.0,0.75,0.811877965927124,1.0,0.94,0.5785413219928741,19,0.2828686321878433,0.8614099541807174,0.6209184885025024,0.240491465678215,0,1,1
49,"Install cable tray 145 at R03 completed, 50%.",ELE-L6-145,ELE-L6-054,Install cable tray 054,electrical,R03,0,0.0,0.75,0.811670184135437,1.0,0.94,0.5784924932718276,20,0.2829174609088898,0.8614099541807174,0.6209184885025024,0.240491465678215,0,1,1
50,"Foundation 148 at Area A completed, 100%.",CIV-L6-148,CIV-L6-148,Foundation 148,civil,Area A,1,0.82,1.0,0.6930020451545715,0.5,0.94,0.6760954806113242,1,0.0,0.6760954806113242,0.49929942955613127,0.17679605105519292,0,0,0
50,"Foundation 148 at Area A completed, 100%.",CIV-L6-148,PIP-L6-100,Erect line 100,piping,R03,0,0.82,0.3333333333333333,0.3406784236431122,0.5,0.94,0.49929942955613127,2,0.17679605105519292,0.6760954806113242,0.49929942955613127,0.17679605105519292,0,0,0
50,"Foundation 148 at Area A completed, 100%.",CIV-L6-148,CIV-L6-141,Foundation 141,civil,Area A,0,0.0,0.75,0.669662356376648,0.5,1.0,0.42991558909416194,3,0.24617989151716224,0.6760954806113242,0.49929942955613127,0.17679605105519292,0,0,0
50,"Foundation 148 at Area A completed, 100%.",CIV-L6-148,CIV-L6-176,Foundation 176,civil,Area A,0,0.0,0.75,0.7332187294960022,0.5,0.94,0.4190564014315605,4,0.2570390791797637,0.6760954806113242,0.49929942955613127,0.17679605105519292,0,0,0
50,"Foundation 148 at Area A completed, 100%.",CIV-L6-148,CIV-L6-001,Foundation 001,civil,Area A,0,0.0,0.75,0.6042973399162292,0.5,1.0,0.41357433497905727,5,0.2625211456322669,0.6760954806113242,0.49929942955613127,0.17679605105519292,0,0,0
50,"Foundation 148 at Area A completed, 100%.",CIV-L6-148,CIV-L6-120,Foundation 120,civil,Area A,0,0.0,0.75,0.6941776275634766,0.5,0.94,0.40988174247741693,6,0.26621373813390725,0.6760954806113242,0.49929942955613127,0.17679605105519292,0,0,0
50,"Foundation 148 at Area A completed, 100%.",CIV-L6-148,CIV-L6-162,Foundation 162,civil,Area A,0,0.0,0.75,0.6828647255897522,0.5,0.94,0.4072232105135917,7,0.26887227009773246,0.6760954806113242,0.49929942955613127,0.17679605105519292,0,0,0
50,"Foundation 148 at Area A completed, 100%.",CIV-L6-148,CIV-L6-155,Foundation 155,civil,Area A,0,0.0,0.75,0.6720523834228516,0.5,0.94,0.40468231010437006,8,0.2714131705069541,0.6760954806113242,0.49929942955613127,0.17679605105519292,0,0,0
50,"Foundation 148 at Area A completed, 100%.",CIV-L6-148,CIV-L6-113,Foundation 113,civil,Area A,0,0.0,0.75,0.6637560725212097,0.5,0.94,0.4027326770424842,9,0.27336280356883996,0.6760954806113242,0.49929942955613127,0.17679605105519292,0,0,0
50,"Foundation 148 at Area A completed, 100%.",CIV-L6-148,CIV-L6-106,Foundation 106,civil,Area A,0,0.0,0.75,0.6622291803359985,0.5,0.94,0.4023738573789596,10,0.2737216232323646,0.6760954806113242,0.49929942955613127,0.17679605105519292,0,0,0
50,"Foundation 148 at Area A completed, 100%.",CIV-L6-148,CIV-L6-197,Foundation 197,civil,Area A,0,0.0,0.75,0.6621954441070557,0.5,0.94,0.402365929365158,11,0.27372955124616616,0.6760954806113242,0.49929942955613127,0.17679605105519292,0,0,0
50,"Foundation 148 at Area A completed, 100%.",CIV-L6-148,CIV-L6-134,Foundation 134,civil,Area A,0,0.0,0.75,0.6603882312774658,0.5,0.94,0.4019412343502044,12,0.2741542462611198,0.6760954806113242,0.49929942955613127,0.17679605105519292,0,0,0
50,"Foundation 148 at Area A completed, 100%.",CIV-L6-148,CIV-L6-218,Foundation 218,civil,Area A,0,0.0,0.75,0.6532361507415771,0.5,0.94,0.40026049542427056,13,0.2758349851870536,0.6760954806113242,0.49929942955613127,0.17679605105519292,0,0,0
50,"Foundation 148 at Area A completed, 100%.",CIV-L6-148,CIV-L6-211,Foundation 211,civil,Area A,0,0.0,0.75,0.6528066396713257,0.5,0.94,0.40015956032276145,14,0.27593592028856273,0.6760954806113242,0.49929942955613127,0.17679605105519292,0,0,0
50,"Foundation 148 at Area A completed, 100%.",CIV-L6-148,CIV-L6-190,Foundation 190,civil,Area A,0,0.0,0.75,0.6489838361740112,0.5,0.94,0.39926120150089256,15,0.2768342791104316,0.6760954806113242,0.49929942955613127,0.17679605105519292,0,0,0
50,"Foundation 148 at Area A completed, 100%.",CIV-L6-148,CIV-L6-267,Foundation 267,civil,Area A,0,0.0,0.75,0.645118236541748,0.5,0.94,0.39835278558731074,16,0.27774269502401344,0.6760954806113242,0.49929942955613127,0.17679605105519292,0,0,0
50,"Foundation 148 at Area A completed, 100%.",CIV-L6-148,CIV-L6-274,Foundation 274,civil,Area A,0,0.0,0.75,0.6450234055519104,0.5,0.94,0.39833050030469885,17,0.27776498030662533,0.6760954806113242,0.49929942955613127,0.17679605105519292,0,0,0
50,"Foundation 148 at Area A completed, 100%.",CIV-L6-148,CIV-L6-183,Foundation 183,civil,Area A,0,0.0,0.75,0.6438131332397461,0.5,0.94,0.39804608631134025,18,0.27804939429998393,0.6760954806113242,0.49929942955613127,0.17679605105519292,0,0,0
50,"Foundation 148 at Area A completed, 100%.",CIV-L6-148,CIV-L6-050,Foundation 050,civil,Area A,0,0.0,0.75,0.6407762169837952,0.5,0.94,0.3973324109911918,19,0.27876306962013236,0.6760954806113242,0.49929942955613127,0.17679605105519292,0,0,0
50,"Foundation 148 at Area A completed, 100%.",CIV-L6-148,CIV-L6-225,Foundation 225,civil,Area A,0,0.0,0.75,0.6323103904724121,0.5,0.94,0.3953429417610168,20,0.2807525388503074,0.6760954806113242,0.49929942955613127,0.17679605105519292,0,0,0
51,"Unknown work package ZZ-050 at offshore platform, 20%.",,CIV-L6-050,Foundation 050,civil,Area A,0,0.82,0.2535211267605634,0.5203219652175903,0.5,0.94,0.530262140699373,1,0.0,0.530262140699373,0.29242811473742336,0.2378340259619497,0,0,0
51,"Unknown work package ZZ-050 at offshore platform, 20%.",,CIV-L6-001,Foundation 001,civil,Area A,0,0.0,0.16901408450704225,0.46830400824546814,0.5,1.0,0.29242811473742336,2,0.2378340259619497,0.530262140699373,0.29242811473742336,0.2378340259619497,0,0,0
51,"Unknown work package ZZ-050 at offshore platform, 20%.",,CIV-L6-015,Foundation 015,civil,Area A,0,0.0,0.16901408450704225,0.4977900981903076,0.5,0.94,0.2818116589902152,3,0.24845048170915784,0.530262140699373,0.29242811473742336,0.2378340259619497,0,0,0
51,"Unknown work package ZZ-050 at offshore platform, 20%.",,CIV-L6-085,Foundation 085,civil,Area A,0,0.0,0.16901408450704225,0.47831088304519653,0.5,0.94,0.27723404343111413,4,0.2530280972682589,0.530262140699373,0.29242811473742336,0.2378340259619497,0,0,0
51,"Unknown work package ZZ-050 at offshore platform, 20%.",,CIV-L6-008,Foundation 008,civil,Area A,0,0.0,0.16901408450704225,0.4726516306400299,0.5,0.94,0.27590411911589996,5,0.2543580215834731,0.530262140699373,0.29242811473742336,0.2378340259619497,0,0,0
51,"Unknown work package ZZ-050 at offshore platform, 20%.",,CIV-L6-092,Foundation 092,civil,Area A,0,0.0,0.16901408450704225,0.46671849489212036,0.5,0.94,0.2745098322151412,6,0.25575230848423186,0.530262140699373,0.29242811473742336,0.2378340259619497,0,0,0
51,"Unknown work package ZZ-050 at offshore platform, 20%.",,CIV-L6-029,Foundation 029,civil,Area A,0,0.0,0.16901408450704225,0.46209150552749634,0.5,0.94,0.2734224897144546,7,0.25683965098491846,0.530262140699373,0.29242811473742336,0.2378340259619497,0,0,0
51,"Unknown work package ZZ-050 at offshore platform, 20%.",,CIV-L6-036,Foundation 036,civil,Area A,0,0.0,0.14084507042253522,0.47729575634002686,0.5,0.94,0.2730236576694838,8,0.2572384830298893,0.530262140699373,0.29242811473742336,0.2378340259619497,0,0,0
51,"Unknown work package ZZ-050 at offshore platform, 20%.",,CIV-L6-057,Foundation 057,civil,Area A,0,0.0,0.16901408450704225,0.45965060591697693,0.5,0.94,0.27284887830598253,9,0.2574132623933905,0.530262140699373,0.29242811473742336,0.2378340259619497,0,0,0
51,"Unknown work package ZZ-050 at offshore platform, 20%.",,CIV-L6-022,Foundation 022,civil,Area A,0,0.0,0.16901408450704225,0.4592754542827606,0.5,0.94,0.27276071767194165,10,0.2575014230274314,0.530262140699373,0.29242811473742336,0.2378340259619497,0,0,0
51,"Unknown work package ZZ-050 at offshore platform, 20%.",,CIV-L6-064,Foundation 064,civil,Area A,0,0.0,0.14084507042253522,0.4734020233154297,0.5,0.94,0.2721086304087034,11,0.25815351029066963,0.530262140699373,0.29242811473742336,0.2378340259619497,0,0,0
51,"Unknown work package ZZ-050 at offshore platform, 20%.",,CIV-L6-169,Foundation 169,civil,Area A,0,0.0,0.14084507042253522,0.47210508584976196,0.5,0.94,0.2718038501042715,12,0.25845829059510156,0.530262140699373,0.29242811473742336,0.2378340259619497,0,0,0
51,"Unknown work package ZZ-050 at offshore platform, 20%.",,CIV-L6-078,Foundation 078,civil,Area A,0,0.0,0.14084507042253522,0.4708350896835327,0.5,0.94,0.27150540100520765,13,0.2587567396941654,0.530262140699373,0.29242811473742336,0.2378340259619497,0,0,0
51,"Unknown work package ZZ-050 at offshore platform, 20%.",,CIV-L6-225,Foundation 225,civil,Area A,0,0.0,0.14084507042253522,0.47007089853286743,0.5,0.94,0.2713258160848013,14,0.2589363246145718,0.530262140699373,0.29242811473742336,0.2378340259619497,0,0,0
51,"Unknown work package ZZ-050 at offshore platform, 20%.",,HSE-L6-021,Safety inspection 021,hse,Site,0,0.0,0.12987012987012986,0.40614616870880127,0.5,1.0,0.27101706165771977,15,0.2592450790416533,0.530262140699373,0.29242811473742336,0.2378340259619497,0,0,0
51,"Unknown work package ZZ-050 at offshore platform, 20%.",,CIV-L6-141,Foundation 141,civil,Area A,0,0.0,0.14084507042253522,0.3993303179740906,0.5,1.0,0.2709593400569029,16,0.25930280064247013,0.530262140699373,0.29242811473742336,0.2378340259619497,0,0,0
51,"Unknown work package ZZ-050 at offshore platform, 20%.",,CIV-L6-071,Foundation 071,civil,Area A,0,0.0,0.14084507042253522,0.46526849269866943,0.5,0.94,0.27019725071376477,17,0.2600648899856083,0.530262140699373,0.29242811473742336,0.2378340259619497,0,0,0
51,"Unknown work package ZZ-050 at offshore platform, 20%.",,CIV-L6-204,Foundation 204,civil,Area A,0,0.0,0.16901408450704225,0.44446924328804016,0.5,0.94,0.2692812580881824,18,0.2609808826111907,0.530262140699373,0.29242811473742336,0.2378340259619497,0,0,0
51,"Unknown work package ZZ-050 at offshore platform, 20%.",,CIV-L6-239,Foundation 239,civil,Area A,0,0.0,0.14084507042253522,0.4588892161846161,0.5,0.94,0.26869812073296223,19,0.2615640199664108,0.530262140699373,0.29242811473742336,0.2378340259619497,0,0,0
51,"Unknown work package ZZ-050 at offshore platform, 20%.",,CIV-L6-043,Foundation 043,civil,Area A,0,0.0,0.14084507042253522,0.45523738861083984,0.5,0.94,0.2678399412531248,20,0.2624221994462482,0.530262140699373,0.29242811473742336,0.2378340259619497,0,0,0
